task,method,median_loss,mean_loss,std_loss,iqr_loss,median_rcu_hpo,median_rcu_total,n_seeds,rank,L_min,L_max,L_random,norm_regret,tier,is_author
L0/synth_classification/gb,CMA-ES,0.1266666666666667,0.12533333333333335,0.025298221281347046,0.011666666666666742,0.49645589963175085,839.2325962987826,10,9.0,0.11666666666666664,0.1266666666666667,0.1266666666666667,1.0,L0,False
L0/synth_classification/gb,DEHB,0.1266666666666667,0.12666666666666668,0.026480833972917762,0.010000000000000064,0.30045762116095914,796.1190594862611,10,9.0,0.11666666666666664,0.1266666666666667,0.1266666666666667,1.0,L0,False
L0/synth_classification/gb,GP-BO,0.12,0.122,0.02037912269886289,0.01333333333333342,77.86780776842154,757.3288876515792,10,3.0,0.11666666666666664,0.1266666666666667,0.1266666666666667,0.3333333333333333,L0,False
L0/synth_classification/gb,L-SHADE,0.1266666666666667,0.12666666666666665,0.018053418676968788,0.011666666666666659,0.46240684692354894,818.3673346451274,10,9.0,0.11666666666666664,0.1266666666666667,0.1266666666666667,1.0,L0,False
L0/synth_classification/gb,Random,0.1266666666666667,0.12600000000000003,0.02361209148291468,0.015000000000000013,0.20897111646670025,811.653761294283,10,9.0,0.11666666666666664,0.1266666666666667,0.1266666666666667,1.0,L0,False
L0/synth_classification/gb,SACMA-DAC,0.11666666666666664,0.11866666666666666,0.02326444858364872,0.01666666666666669,130.97530161762032,1152.7759674949675,10,1.0,0.11666666666666664,0.1266666666666667,0.1266666666666667,0.0,L0,True
L0/synth_classification/gb,SACMA-MAB,0.12333333333333335,0.12533333333333335,0.024302618870208563,0.01666666666666669,73.95597361869949,1009.2193851109143,10,5.5,0.11666666666666664,0.1266666666666667,0.1266666666666667,0.6666666666666666,L0,True
L0/synth_classification/gb,SMAC,0.12,0.12533333333333335,0.024705674861666305,0.011666666666666659,22.117931078651807,887.6658388706617,10,3.0,0.11666666666666664,0.1266666666666667,0.1266666666666667,0.3333333333333333,L0,False
L0/synth_classification/gb,Sigma-CMA,0.1266666666666667,0.12333333333333334,0.02634059909139931,0.03666666666666665,7.501590133402667,1010.7399936735297,10,9.0,0.11666666666666664,0.1266666666666667,0.1266666666666667,1.0,L0,True
L0/synth_classification/gb,TPE,0.12,0.11866666666666666,0.021727833887253918,0.01666666666666669,6.3255262131074295,1114.4850860282515,10,3.0,0.11666666666666664,0.1266666666666667,0.1266666666666667,0.3333333333333333,L0,False
L0/synth_classification/gb,WL-CMA,0.12333333333333335,0.12133333333333333,0.02450497555927151,0.023333333333333317,286.41496408029224,1182.1069909441808,10,5.5,0.11666666666666664,0.1266666666666667,0.1266666666666667,0.6666666666666666,L0,True
L0/synth_classification/hgb,CMA-ES,0.1333333333333333,0.13666666666666666,0.01756820922315767,0.016666666666666607,0.524807725372481,283.9241622417466,10,8.0,0.12333333333333335,0.1433333333333333,0.1433333333333333,0.4999999999999986,L0,False
L0/synth_classification/hgb,DEHB,0.1433333333333333,0.14066666666666666,0.025810324281305974,0.021666666666666612,0.4411590632716122,293.77511289655536,10,10.5,0.12333333333333335,0.1433333333333333,0.1433333333333333,1.0,L0,False
L0/synth_classification/hgb,GP-BO,0.1333333333333333,0.12866666666666665,0.025151393452303848,0.03666666666666668,208.00528666058352,568.0864320363347,10,8.0,0.12333333333333335,0.1433333333333333,0.1433333333333333,0.4999999999999986,L0,False
L0/synth_classification/hgb,L-SHADE,0.1333333333333333,0.13333333333333336,0.030631219449089364,0.013333333333333308,0.4734880962998639,269.9764853983433,10,8.0,0.12333333333333335,0.1433333333333333,0.1433333333333333,0.4999999999999986,L0,False
L0/synth_classification/hgb,Random,0.1433333333333333,0.13999999999999999,0.02266230894930126,0.019999999999999907,0.24499217669511428,258.65500220403146,10,10.5,0.12333333333333335,0.1433333333333333,0.1433333333333333,1.0,L0,False
L0/synth_classification/hgb,SACMA-DAC,0.12333333333333335,0.12666666666666665,0.027216552697590865,0.02333333333333329,128.22443703404633,651.2829450655154,10,1.5,0.12333333333333335,0.1433333333333333,0.1433333333333333,0.0,L0,True
L0/synth_classification/hgb,SACMA-MAB,0.13,0.12866666666666665,0.026114656969640153,0.03166666666666659,88.52776294239254,416.5005411375739,10,5.0,0.12333333333333335,0.1433333333333333,0.1433333333333333,0.3333333333333333,L0,True
L0/synth_classification/hgb,SMAC,0.13,0.13333333333333336,0.02494438257849294,0.016666666666666663,18.001212493166907,409.358180751658,10,5.0,0.12333333333333335,0.1433333333333333,0.1433333333333333,0.3333333333333333,L0,False
L0/synth_classification/hgb,Sigma-CMA,0.1266666666666667,0.12999999999999998,0.025772030010540445,0.03333333333333327,14.291808003649273,352.86585499681075,10,3.0,0.12333333333333335,0.1433333333333333,0.1433333333333333,0.16666666666666805,L0,True
L0/synth_classification/hgb,TPE,0.12333333333333335,0.12999999999999998,0.02249828525701841,0.026666666666666672,5.167438302750337,382.06564421379824,10,1.5,0.12333333333333335,0.1433333333333333,0.1433333333333333,0.0,L0,False
L0/synth_classification/hgb,WL-CMA,0.13,0.13199999999999998,0.024504975559271502,0.02500000000000005,329.4049560185249,639.852569338774,10,5.0,0.12333333333333335,0.1433333333333333,0.1433333333333333,0.3333333333333333,L0,True
L0/synth_classification/mlp,CMA-ES,0.09000000000000002,0.09,0.024393887111222375,0.011666666666666742,0.3451588451273816,830.2803109374945,10,10.0,0.08333333333333331,0.09333333333333338,0.08666666666666667,2.0,L0,False
L0/synth_classification/mlp,DEHB,0.08666666666666667,0.08866666666666667,0.01722759772739051,0.011666666666666742,0.19928099566141755,732.1195490343919,10,6.5,0.08333333333333331,0.09333333333333338,0.08666666666666667,1.0,L0,False
L0/synth_classification/mlp,GP-BO,0.08666666666666667,0.086,0.021186998109427584,0.02166666666666664,37.82528761887086,988.027128663029,10,6.5,0.08333333333333331,0.09333333333333338,0.08666666666666667,1.0,L0,False
L0/synth_classification/mlp,L-SHADE,0.08666666666666667,0.08666666666666668,0.01859244503409057,0.011666666666666659,0.31253358277031096,701.7528906624153,10,6.5,0.08333333333333331,0.09333333333333338,0.08666666666666667,1.0,L0,False
L0/synth_classification/mlp,Random,0.08666666666666667,0.08866666666666669,0.020379122698862894,0.02833333333333335,0.06851992487907503,755.9985454968662,10,6.5,0.08333333333333331,0.09333333333333338,0.08666666666666667,1.0,L0,False
L0/synth_classification/mlp,SACMA-DAC,0.08333333333333331,0.08533333333333334,0.02568565915875535,0.01833333333333334,120.1826621739354,1061.0571997687703,10,2.0,0.08333333333333331,0.09333333333333338,0.08666666666666667,0.0,L0,True
L0/synth_classification/mlp,SACMA-MAB,0.08666666666666667,0.08800000000000002,0.024098563043068358,0.024999999999999967,64.51618870769397,1001.4256434171477,10,6.5,0.08333333333333331,0.09333333333333338,0.08666666666666667,1.0,L0,True
L0/synth_classification/mlp,SMAC,0.08333333333333331,0.08866666666666667,0.025924867703270914,0.021666666666666723,19.142920913068608,914.7532226896103,10,2.0,0.08333333333333331,0.09333333333333338,0.08666666666666667,0.0,L0,False
L0/synth_classification/mlp,Sigma-CMA,0.08333333333333331,0.08933333333333332,0.019925788241297676,0.011666666666666742,7.538740505761438,678.8303762399105,10,2.0,0.08333333333333331,0.09333333333333338,0.08666666666666667,0.0,L0,True
L0/synth_classification/mlp,TPE,0.09333333333333338,0.088,0.023892764543494417,0.02333333333333329,4.384009618161091,805.6841925275877,10,11.0,0.08333333333333331,0.09333333333333338,0.08666666666666667,3.0,L0,False
L0/synth_classification/mlp,WL-CMA,0.08666666666666667,0.08600000000000001,0.021648140227480076,0.011666666666666659,251.45451233464735,1301.5524948117297,10,6.5,0.08333333333333331,0.09333333333333338,0.08666666666666667,1.0,L0,True
L0/synth_classification/rf,CMA-ES,0.1466666666666666,0.14933333333333332,0.023975295927575448,0.023333333333333373,0.60079844682984,819.9260028804968,10,10.0,0.1333333333333333,0.1466666666666666,0.1466666666666666,1.0,L0,False
L0/synth_classification/rf,DEHB,0.1466666666666666,0.15199999999999997,0.018803729601161057,0.026666666666666644,0.4371037423877516,726.2887300888498,10,10.0,0.1333333333333333,0.1466666666666666,0.1466666666666666,1.0,L0,False
L0/synth_classification/rf,GP-BO,0.14,0.148,0.02718023973585895,0.031666666666666704,37.85199176365077,822.0468184963853,10,4.0,0.1333333333333333,0.1466666666666666,0.1466666666666666,0.5000000000000042,L0,False
L0/synth_classification/rf,L-SHADE,0.1433333333333333,0.15066666666666664,0.02418039201552967,0.031666666666666676,0.7489119351261102,1049.0268931708456,10,7.0,0.1333333333333333,0.1466666666666666,0.1466666666666666,0.7500000000000021,L0,False
L0/synth_classification/rf,Random,0.1466666666666666,0.152,0.01772213514433502,0.01833333333333334,0.4302652152075389,984.3069707990943,10,10.0,0.1333333333333333,0.1466666666666666,0.1466666666666666,1.0,L0,False
L0/synth_classification/rf,SACMA-DAC,0.13666666666666666,0.14533333333333334,0.023051204408693238,0.021666666666666723,129.8535749931509,1107.588222623753,10,2.0,0.1333333333333333,0.1466666666666666,0.1466666666666666,0.2500000000000021,L0,True
L0/synth_classification/rf,SACMA-MAB,0.14,0.14866666666666667,0.02132638775824015,0.026666666666666672,78.20427300330618,809.4775423666964,10,4.0,0.1333333333333333,0.1466666666666666,0.1466666666666666,0.5000000000000042,L0,True
L0/synth_classification/rf,SMAC,0.1333333333333333,0.13999999999999999,0.023726840560069608,0.031666666666666704,18.88689454055952,833.8738755859804,10,1.0,0.1333333333333333,0.1466666666666666,0.1466666666666666,0.0,L0,False
L0/synth_classification/rf,Sigma-CMA,0.1433333333333333,0.14933333333333332,0.02397529592757542,0.021666666666666695,8.471656560641751,1072.4506171773014,10,7.0,0.1333333333333333,0.1466666666666666,0.1466666666666666,0.7500000000000021,L0,True
L0/synth_classification/rf,TPE,0.1433333333333333,0.14533333333333331,0.027180239735858928,0.04166666666666663,4.728575633951921,982.1234837819375,10,7.0,0.1333333333333333,0.1466666666666666,0.1466666666666666,0.7500000000000021,L0,False
L0/synth_classification/rf,WL-CMA,0.14,0.148,0.025685659158755352,0.026666666666666672,221.75675475109514,1095.0795904905312,10,4.0,0.1333333333333333,0.1466666666666666,0.1466666666666666,0.5000000000000042,L0,True
L0/synth_classification/svm,CMA-ES,0.10666666666666669,0.10933333333333332,0.019925788241297676,0.023333333333333373,0.36064999464886693,25.410769217724024,10,2.0,0.10666666666666669,0.12,0.12,0.0,L0,False
L0/synth_classification/svm,DEHB,0.11666666666666664,0.11666666666666665,0.016996731711975948,0.02833333333333332,0.20448736192466838,23.530282712370138,10,8.5,0.10666666666666669,0.12,0.12,0.7499999999999979,L0,False
L0/synth_classification/svm,GP-BO,0.12,0.11600000000000002,0.01608618761853678,0.01666666666666669,38.06883492031023,75.67523927586822,10,10.5,0.10666666666666669,0.12,0.12,1.0,L0,False
L0/synth_classification/svm,L-SHADE,0.10999999999999999,0.11333333333333336,0.017497795275581787,0.03,0.5612225975648353,38.835548035435195,10,4.0,0.10666666666666669,0.12,0.12,0.24999999999999792,L0,False
L0/synth_classification/svm,Random,0.12,0.11333333333333337,0.015071844406945032,0.03,0.054013723434739654,30.47335058404299,10,10.5,0.10666666666666669,0.12,0.12,1.0,L0,False
L0/synth_classification/svm,SACMA-DAC,0.11666666666666664,0.11466666666666665,0.015962919996504864,0.02500000000000005,127.11155756878608,149.32618888537385,10,8.5,0.10666666666666669,0.12,0.12,0.7499999999999979,L0,True
L0/synth_classification/svm,SACMA-MAB,0.10666666666666669,0.11200000000000002,0.014332902663641855,0.021666666666666695,75.85199649180569,102.4870823867947,10,2.0,0.10666666666666669,0.12,0.12,0.0,L0,True
L0/synth_classification/svm,SMAC,0.10666666666666669,0.10933333333333332,0.02334920095389101,0.013333333333333308,27.434679482388596,53.51415987309481,10,2.0,0.10666666666666669,0.12,0.12,0.0,L0,False
L0/synth_classification/svm,Sigma-CMA,0.11333333333333329,0.11133333333333333,0.012976712285027938,0.01833333333333334,13.595551071409268,33.72461345358771,10,6.0,0.10666666666666669,0.12,0.12,0.49999999999999584,L0,True
L0/synth_classification/svm,TPE,0.11333333333333329,0.11266666666666665,0.013859969892900158,0.016666666666666663,5.132681374932254,40.7424619522925,10,6.0,0.10666666666666669,0.12,0.12,0.49999999999999584,L0,False
L0/synth_classification/svm,WL-CMA,0.11333333333333329,0.11533333333333333,0.014418780620007406,0.015000000000000013,139.52345859298634,159.93628877503357,10,6.0,0.10666666666666669,0.12,0.12,0.49999999999999584,L0,True
L0/synth_friedman/gb,CMA-ES,1.5731336490825258,1.6232912908116912,0.10875109783882528,0.17591621142966551,0.6522297626761495,528.779140598079,10,3.0,1.557709286742726,1.6670235423290278,1.6670235423290278,0.14110110577135607,L0,False
L0/synth_friedman/gb,DEHB,1.6518052014921716,1.6421912420443785,0.08747148423144993,0.09951520679898551,0.35665770569800886,395.710811510325,10,10.0,1.557709286742726,1.6670235423290278,1.6670235423290278,0.8607835661027613,L0,False
L0/synth_friedman/gb,GP-BO,1.6314361871572616,1.6387666361292517,0.10660543910390302,0.17704244008100245,244.44987925440634,847.8294046047139,10,9.0,1.557709286742726,1.6670235423290278,1.6670235423290278,0.6744490919240572,L0,False
L0/synth_friedman/gb,L-SHADE,1.6229440611062558,1.6258965627771016,0.11616341830189886,0.2049307511876084,0.425924607613884,376.4920389382713,10,6.0,1.557709286742726,1.6670235423290278,1.6670235423290278,0.5967636518553426,L0,False
L0/synth_friedman/gb,Random,1.6670235423290278,1.6670402000214508,0.08506061480073393,0.14046536046883196,0.3493877628664356,612.9520040059358,10,11.0,1.557709286742726,1.6670235423290278,1.6670235423290278,1.0,L0,False
L0/synth_friedman/gb,SACMA-DAC,1.576898336109974,1.6006124031964646,0.13184823445457736,0.20798962879282135,217.4645787210579,634.7024718177136,10,4.0,1.557709286742726,1.6670235423290278,1.6670235423290278,0.17554022816446413,L0,True
L0/synth_friedman/gb,SACMA-MAB,1.5644135221106352,1.5925659314129115,0.12352828506012367,0.19362139847843762,87.53065148192664,534.9412960434282,10,2.0,1.557709286742726,1.6670235423290278,1.6670235423290278,0.06132992748248029,L0,True
L0/synth_friedman/gb,SMAC,1.5895477874137818,1.611412809942338,0.10188846684930061,0.16154443947485664,17.41026406601698,435.25267847673393,10,5.0,1.557709286742726,1.6670235423290278,1.6670235423290278,0.2912566206510896,L0,False
L0/synth_friedman/gb,Sigma-CMA,1.6266192166017879,1.6251503792802702,0.07900582404592306,0.10872206828103592,7.53873601787642,395.8082299680811,10,7.0,1.557709286742726,1.6670235423290278,1.6670235423290278,0.6303837453721541,L0,True
L0/synth_friedman/gb,TPE,1.627767373309346,1.6005121738601535,0.10325718640268046,0.12834442746255892,4.654610319841854,478.63271933506326,10,8.0,1.557709286742726,1.6670235423290278,1.6670235423290278,0.6408870114045678,L0,False
L0/synth_friedman/gb,WL-CMA,1.557709286742726,1.5985271813528994,0.103431672023084,0.153646530004369,276.96672033843856,876.6885774968853,10,1.0,1.557709286742726,1.6670235423290278,1.6670235423290278,0.0,L0,True
L0/synth_friedman/hgb,CMA-ES,1.6692468505593694,1.681797517386143,0.1413124712836921,0.15391488014340626,0.6213682989154975,297.0877711426698,10,9.0,1.5980494260376057,1.7020815542587866,1.6577136051797976,1.1933026741570636,L0,False
L0/synth_friedman/hgb,DEHB,1.6962104334711348,1.701843970988423,0.12490198222865372,0.17176735509388497,0.382089888158213,303.3212676357807,10,10.0,1.5980494260376057,1.7020815542587866,1.6577136051797976,1.6452251391842896,L0,False
L0/synth_friedman/hgb,GP-BO,1.6079784056270527,1.6203229894402367,0.08089507589396666,0.12238477654321644,354.03296568961,794.2273275631453,10,3.0,1.5980494260376057,1.7020815542587866,1.6577136051797976,0.16641441702875467,L0,False
L0/synth_friedman/hgb,L-SHADE,1.7020815542587866,1.7003001114356633,0.09260789266439,0.1407886349190186,0.5137223965154112,334.38541259076146,10,11.0,1.5980494260376057,1.7020815542587866,1.6577136051797976,1.7436279140495863,L0,False
L0/synth_friedman/hgb,Random,1.6577136051797976,1.6669330449063964,0.11537620819351271,0.17608436758594315,0.2868884478444319,317.1255439853091,10,8.0,1.5980494260376057,1.7020815542587866,1.6577136051797976,1.0,L0,False
L0/synth_friedman/hgb,SACMA-DAC,1.5980494260376057,1.6111928286471169,0.09396303244009399,0.13761910222006968,183.23729495417376,501.50114162779846,10,1.0,1.5980494260376057,1.7020815542587866,1.6577136051797976,0.0,L0,True
L0/synth_friedman/hgb,SACMA-MAB,1.6021586454339174,1.6234160499106998,0.10427544049632874,0.12234286975613617,123.6148734228298,561.2287768126923,10,2.0,1.5980494260376057,1.7020815542587866,1.6577136051797976,0.06887247013854988,L0,True
L0/synth_friedman/hgb,SMAC,1.62227532121456,1.6428289891036212,0.09891321766004481,0.14223529445507355,15.832579368027734,296.9283258248624,10,5.0,1.5980494260376057,1.7020815542587866,1.6577136051797976,0.40603751740586314,L0,False
L0/synth_friedman/hgb,Sigma-CMA,1.6209005336937716,1.6116547119083584,0.09129071008069163,0.13665034223113848,10.523703203823992,279.01971540459596,10,4.0,1.5980494260376057,1.7020815542587866,1.6577136051797976,0.38299542513954793,L0,True
L0/synth_friedman/hgb,TPE,1.6328862435000457,1.661482374449977,0.11106270824544368,0.13894141497356816,4.311804791371975,233.5067532728149,10,6.0,1.5980494260376057,1.7020815542587866,1.6577136051797976,0.5838816181383608,L0,False
L0/synth_friedman/hgb,WL-CMA,1.6417841039494494,1.6555305839604624,0.09931588391262615,0.098977831040294,343.30573987627156,805.8556638370685,10,7.0,1.5980494260376057,1.7020815542587866,1.6577136051797976,0.733013988303016,L0,True
L0/synth_friedman/mlp,CMA-ES,1.7086216175920579,1.714793428927099,0.11980163585203571,0.15010787156983585,0.3368265339516543,966.1626673796768,10,10.0,1.5818036259431743,1.7114372416494277,1.66955362023828,1.4452193720080622,L0,False
L0/synth_friedman/mlp,DEHB,1.7114372416494277,1.7124585319485184,0.15312057770150364,0.08253627413079578,0.18987030154780227,824.8170819622295,10,11.0,1.5818036259431743,1.7114372416494277,1.66955362023828,1.477306257938798,L0,False
L0/synth_friedman/mlp,GP-BO,1.6566561604939332,1.6716015134314173,0.15542791030403597,0.19898162412203368,50.154261734089545,1495.2969991287196,10,6.0,1.5818036259431743,1.7114372416494277,1.66955362023828,0.853020392218235,L0,False
L0/synth_friedman/mlp,L-SHADE,1.6169507224253654,1.6735560286355309,0.14787410111615024,0.2540502137270626,0.31264231227432415,950.0599995850957,10,4.0,1.5818036259431743,1.7114372416494277,1.66955362023828,0.4005367380878739,L0,False
L0/synth_friedman/mlp,Random,1.66955362023828,1.68905339882556,0.14925076578073262,0.08728761499387039,0.07333615325705616,928.5796727260172,10,8.0,1.5818036259431743,1.7114372416494277,1.66955362023828,1.0,L0,False
L0/synth_friedman/mlp,SACMA-DAC,1.6127232976451136,1.6450139934415802,0.1693290910168125,0.2236789348313133,157.37930390554172,973.6911362561286,10,3.0,1.5818036259431743,1.7114372416494277,1.66955362023828,0.3523609539842887,L0,True
L0/synth_friedman/mlp,SACMA-MAB,1.6539858233463502,1.6683793150693582,0.14828133755667106,0.1850437245555665,94.31760813715778,998.7821762216342,10,5.0,1.5818036259431743,1.7114372416494277,1.66955362023828,0.822589197674763,L0,True
L0/synth_friedman/mlp,SMAC,1.6618508434661572,1.6867540103645102,0.1467199101243623,0.12695366050945056,17.613496121375686,1680.814463945907,10,7.0,1.5818036259431743,1.7114372416494277,1.66955362023828,0.9122190624170519,L0,False
L0/synth_friedman/mlp,Sigma-CMA,1.5818036259431743,1.6107580128293322,0.16131743264777798,0.11729285337872875,7.979453658603774,665.6278367486698,10,1.0,1.5818036259431743,1.7114372416494277,1.66955362023828,0.0,L0,True
L0/synth_friedman/mlp,TPE,1.6063033793382788,1.6206618573913185,0.12559335471935326,0.1754061269722662,3.80894659777075,1155.5569917729522,10,2.0,1.5818036259431743,1.7114372416494277,1.66955362023828,0.2791994870416883,L0,False
L0/synth_friedman/mlp,WL-CMA,1.6914414664511752,1.6951191382111452,0.12867413103913383,0.17466425541104025,293.1246123948854,1199.3621723383085,10,9.0,1.5818036259431743,1.7114372416494277,1.66955362023828,1.249434161092773,L0,True
L0/synth_friedman/rf,CMA-ES,2.2078213292652986,2.221392670508977,0.17487141831304934,0.26209139561028927,0.5103677313881909,557.2992445546915,10,9.0,2.0989669692113306,2.2240823275651564,2.2153498775543268,0.9353122516337149,L0,False
L0/synth_friedman/rf,DEHB,2.181427404315009,2.2282977065019933,0.14194839578210058,0.12227001704873075,0.35929178760932,548.5348480623794,10,8.0,2.0989669692113306,2.2240823275651564,2.2153498775543268,0.7085270189386929,L0,False
L0/synth_friedman/rf,GP-BO,2.0989669692113306,2.115793705492406,0.15622503621017164,0.17436752598291339,183.04093598293795,859.1453934227011,10,1.0,2.0989669692113306,2.2240823275651564,2.2153498775543268,0.0,L0,False
L0/synth_friedman/rf,L-SHADE,2.1616945803525796,2.2021544138734748,0.18605282849419433,0.24722656605314963,0.6276717493374944,724.6967932133739,10,7.0,2.0989669692113306,2.2240823275651564,2.2153498775543268,0.5389761437854963,L0,False
L0/synth_friedman/rf,Random,2.2153498775543268,2.208374072548896,0.1533044127935345,0.10730478113861563,0.22555241276883287,549.1229370902324,10,10.0,2.0989669692113306,2.2240823275651564,2.2153498775543268,1.0,L0,False
L0/synth_friedman/rf,SACMA-DAC,2.1244912981828263,2.1807899904470824,0.2021691245277026,0.32106118483172086,217.49117104926378,829.7446386680692,10,6.0,2.0989669692113306,2.2240823275651564,2.2153498775543268,0.21931337972988318,L0,True
L0/synth_friedman/rf,SACMA-MAB,2.113547128801871,2.1586619060220404,0.14919267938489783,0.16819652543299535,82.90326230288942,747.7896531193285,10,3.0,2.0989669692113306,2.2240823275651564,2.2153498775543268,0.12527749820077255,L0,True
L0/synth_friedman/rf,SMAC,2.2240823275651564,2.1983426481212627,0.17662497062636126,0.15296836457672258,17.06901334193563,631.5078998213733,10,11.0,2.0989669692113306,2.2240823275651564,2.2153498775543268,1.0750320655769656,L0,False
L0/synth_friedman/rf,Sigma-CMA,2.120035202478073,2.1427652102795944,0.1560281532602464,0.1945139474521307,7.34943967123556,712.216951259654,10,4.0,2.0989669692113306,2.2240823275651564,2.2153498775543268,0.18102514850936297,L0,True
L0/synth_friedman/rf,TPE,2.1216392904048824,2.1476172859451714,0.16737555176674024,0.204236022823304,4.351927819802363,678.0160380089733,10,5.0,2.0989669692113306,2.2240823275651564,2.2153498775543268,0.19480799643478053,L0,False
L0/synth_friedman/rf,WL-CMA,2.0995942315341938,2.128600676699538,0.1469182479618368,0.17445583118716135,292.24453412979636,1002.7177117726803,10,2.0,2.0989669692113306,2.2240823275651564,2.2153498775543268,0.005389642962130794,L0,True
L0/synth_friedman/svm,CMA-ES,1.8996372936207884,1.8796800183611275,0.11460161603636637,0.1941500702737078,0.3549409775583173,58.55580781512796,10,8.0,1.8093753960266805,1.9680545158890135,1.9680545158890135,0.568832860129407,L0,False
L0/synth_friedman/svm,DEHB,1.9046300256426152,1.9256359877214195,0.11832151682739712,0.1415993659257282,0.14505777076306786,32.134099468252614,10,9.0,1.8093753960266805,1.9680545158890135,1.9680545158890135,0.6002971890603869,L0,False
L0/synth_friedman/svm,GP-BO,1.9459774570421469,1.910563893052042,0.14565962136676916,0.20401364044703363,35.80642608224582,93.34236168194332,10,10.0,1.8093753960266805,1.9680545158890135,1.9680545158890135,0.8608697926606836,L0,False
L0/synth_friedman/svm,L-SHADE,1.8801218874484742,1.8786313966144814,0.11084068299569562,0.15154710250828485,0.27539171563788095,51.3752656720758,10,5.0,1.8093753960266805,1.9680545158890135,1.9680545158890135,0.44584625553237256,L0,False
L0/synth_friedman/svm,Random,1.9680545158890135,1.96939022652488,0.12080669683164921,0.09606552348481978,0.05223107663945447,41.76077136486079,10,11.0,1.8093753960266805,1.9680545158890135,1.9680545158890135,1.0,L0,False
L0/synth_friedman/svm,SACMA-DAC,1.8093753960266805,1.8127028376303163,0.0924524082823456,0.11199412814466436,322.0642980733885,464.87544840214554,10,1.0,1.8093753960266805,1.9680545158890135,1.9680545158890135,0.0,L0,True
L0/synth_friedman/svm,SACMA-MAB,1.8386551440567982,1.8427216834705447,0.10785589967268758,0.17184210147698642,110.40311803716727,247.62635979909595,10,4.0,1.8093753960266805,1.9680545158890135,1.9680545158890135,0.18452174460962628,L0,True
L0/synth_friedman/svm,SMAC,1.897546209761826,1.8975839392757088,0.12264384887679067,0.199016825429847,36.91788417004663,123.18554167019946,10,6.0,1.8093753960266805,1.9680545158890135,1.9680545158890135,0.5556547944785736,L0,False
L0/synth_friedman/svm,Sigma-CMA,1.8201485649314852,1.8429971088431223,0.11360660078803698,0.12776350820733717,13.093431420095465,129.74563130240065,10,2.0,1.8093753960266805,1.9680545158890135,1.9680545158890135,0.06789279467992594,L0,True
L0/synth_friedman/svm,TPE,1.8227185041596088,1.8498240639286738,0.12965144057300798,0.23633988884363988,5.281631658460105,109.09157089344433,10,3.0,1.8093753960266805,1.9680545158890135,1.9680545158890135,0.08408861950144735,L0,False
L0/synth_friedman/svm,WL-CMA,1.8990081743436211,1.9096884570491504,0.10592728246929407,0.12464018682028777,148.8163285864618,191.63114496341996,10,7.0,1.8093753960266805,1.9680545158890135,1.9680545158890135,0.5648681338458666,L0,True
L0/synth_regression/gb,CMA-ES,37.74916018791063,37.88214433841934,3.9155445649727434,3.9854750097970424,0.5050905418959024,361.9327822721604,10,8.0,35.24567274595543,38.594107812166015,38.13018442271644,0.8679068495802882,L0,False
L0/synth_regression/gb,DEHB,38.4928998427407,38.573461991165686,2.8558477145658996,1.7456986404683263,0.5933643104106172,626.0689060477291,10,10.0,35.24567274595543,38.594107812166015,38.13018442271644,1.1257458664308644,L0,False
L0/synth_regression/gb,GP-BO,36.93789417096107,37.11824818795395,3.5586694213290246,3.4841891508527283,254.71769244009454,742.5517385753474,10,7.0,35.24567274595543,38.594107812166015,38.13018442271644,0.5866578522246862,L0,False
L0/synth_regression/gb,L-SHADE,38.594107812166015,38.04428966197403,2.7586671869129247,2.280999463544532,0.5258878900196245,504.027603602557,10,11.0,35.24567274595543,38.594107812166015,38.13018442271644,1.1608325572703215,L0,False
L0/synth_regression/gb,Random,38.13018442271644,39.33690762306961,2.7014117972096297,1.9145432454950893,0.3354831313043617,623.5104507804222,10,9.0,35.24567274595543,38.594107812166015,38.13018442271644,1.0,L0,False
L0/synth_regression/gb,SACMA-DAC,36.19727473871767,36.33938245464647,2.877862716808947,3.701527517996446,263.3629847896797,683.0456858166788,10,3.0,35.24567274595543,38.594107812166015,38.13018442271644,0.32990055142740154,L0,True
L0/synth_regression/gb,SACMA-MAB,35.24567274595543,35.26342710493992,2.9617333571043774,3.8250315189712794,141.0305200644985,501.62615378698126,10,1.0,35.24567274595543,38.594107812166015,38.13018442271644,0.0,L0,True
L0/synth_regression/gb,SMAC,36.82843716182258,36.30170121684521,3.9847421770245655,1.6435968841680761,16.258188221321902,373.5971311296639,10,5.0,35.24567274595543,38.594107812166015,38.13018442271644,0.5487113914700522,L0,False
L0/synth_regression/gb,Sigma-CMA,35.45995326837189,35.170115274158775,2.7155435164246886,3.916466384455191,13.243788161906533,744.0667515630428,10,2.0,35.24567274595543,38.594107812166015,38.13018442271644,0.07428658519319037,L0,True
L0/synth_regression/gb,TPE,36.28939944445112,35.153502805222956,4.016703826715222,3.388360998320117,6.5878886167321955,462.88247705471656,10,4.0,35.24567274595543,38.594107812166015,38.13018442271644,0.3618382643081135,L0,False
L0/synth_regression/gb,WL-CMA,36.897219949687866,36.44719094390143,2.179047835668649,2.6534272664391736,279.6234557702453,670.2857032586073,10,6.0,35.24567274595543,38.594107812166015,38.13018442271644,0.5725569485601604,L0,True
L0/synth_regression/hgb,CMA-ES,45.46457159709624,45.783656561987435,5.634017018630493,7.278187473100452,0.5263570039344307,197.7750672813292,10,9.0,41.458078660470974,46.170806213959125,45.12156868993106,1.0936273619982335,L0,False
L0/synth_regression/hgb,DEHB,46.170806213959125,46.73335179295537,5.181393077113705,5.506926759654306,0.5686127058170164,447.9443886035182,10,11.0,41.458078660470974,46.170806213959125,45.12156868993106,1.2864038159215896,L0,False
L0/synth_regression/hgb,GP-BO,41.458078660470974,41.38215162965205,2.721525391468487,3.7710243271181128,325.78668326789546,681.7623900154244,10,1.0,41.458078660470974,46.170806213959125,45.12156868993106,0.0,L0,False
L0/synth_regression/hgb,L-SHADE,44.98980095089343,44.914819367579575,5.587142019544892,4.207758546599024,0.48440407413054287,253.02396942252454,10,7.0,41.458078660470974,46.170806213959125,45.12156868993106,0.9640321829790685,L0,False
L0/synth_regression/hgb,Random,45.12156868993106,45.64085742705356,4.43335587590583,1.6878840210374761,0.2434134919361363,247.39435298723635,10,8.0,41.458078660470974,46.170806213959125,45.12156868993106,1.0,L0,False
L0/synth_regression/hgb,SACMA-DAC,42.78152205620469,42.49292498851321,2.0063255892647627,2.667964376822752,235.7765539415691,588.8062768175514,10,4.0,41.458078660470974,46.170806213959125,45.12156868993106,0.3612520806911447,L0,True
L0/synth_regression/hgb,SACMA-MAB,42.306361387769925,41.368025926522236,2.7180771823353984,1.4181947780765825,69.85110258366578,444.31883118815153,10,2.0,41.458078660470974,46.170806213959125,45.12156868993106,0.23155043973846123,L0,True
L0/synth_regression/hgb,SMAC,45.49916501682702,44.02756778774388,3.311532059021708,2.6508451179050425,16.812045157644548,271.337465922309,10,10.0,41.458078660470974,46.170806213959125,45.12156868993106,1.1030701117949024,L0,False
L0/synth_regression/hgb,Sigma-CMA,42.404319211377185,42.36949059922768,2.9047108519415583,2.3245979952496825,9.654796736110374,207.09609389370644,10,3.0,41.458078660470974,46.170806213959125,45.12156868993106,0.258289375239726,L0,True
L0/synth_regression/hgb,TPE,43.24604052482627,43.28332659249077,3.4986585078216716,3.1468416408775752,5.125611523947509,300.4500332866295,10,5.0,41.458078660470974,46.170806213959125,45.12156868993106,0.4880487868063887,L0,False
L0/synth_regression/hgb,WL-CMA,43.75021048747422,43.455580972563716,3.4997860640985468,4.370468083922852,317.82305298649976,623.2906417251793,10,6.0,41.458078660470974,46.170806213959125,45.12156868993106,0.6256689136782102,L0,True
L0/synth_regression/mlp,CMA-ES,10.957681937999627,10.84298855939857,0.6152665506360493,0.9296117162845707,0.31537500761008447,1208.3917962349287,10,7.0,10.763894333532878,11.119118349720363,11.001615498151683,0.8151886887206503,L0,False
L0/synth_regression/mlp,DEHB,10.905653221093491,10.998577542639149,0.5129941080803212,0.46567018365165147,0.19196176603139517,1088.8411744571008,10,5.0,10.763894333532878,11.119118349720363,11.001615498151683,0.5963242178622546,L0,False
L0/synth_regression/mlp,GP-BO,11.05714197629229,10.958048019579422,0.5846485108380385,0.6440517739678437,203.3915499145246,1677.9604244013087,10,9.0,10.763894333532878,11.119118349720363,11.001615498151683,1.233578184885833,L0,False
L0/synth_regression/mlp,L-SHADE,10.763894333532878,10.785731428212499,0.5377647161428053,0.7099809623657549,0.3201061354825444,1178.821793335699,10,1.0,10.763894333532878,11.119118349720363,11.001615498151683,0.0,L0,False
L0/synth_regression/mlp,Random,11.001615498151683,11.013666538954121,0.39622772652742944,0.4756952807481145,0.07966096056734534,1003.939517037157,10,8.0,10.763894333532878,11.119118349720363,11.001615498151683,1.0,L0,False
L0/synth_regression/mlp,SACMA-DAC,10.839027024430383,10.797765227014494,0.4928133522063077,0.46842593171919233,219.33016756394596,1295.1123239249002,10,4.0,10.763894333532878,11.119118349720363,11.001615498151683,0.31605385670216973,L0,True
L0/synth_regression/mlp,SACMA-MAB,10.786206111565136,10.776167424472785,0.5173640090514798,0.7162877403684309,102.34113965152042,1439.1040374310862,10,2.0,10.763894333532878,11.119118349720363,11.001615498151683,0.0938569271610095,L0,True
L0/synth_regression/mlp,SMAC,10.909910705469713,10.832504050280889,0.5156339010633708,0.6579871670816679,22.571652908728787,1963.9300257117088,10,6.0,10.763894333532878,11.119118349720363,11.001615498151683,0.6142337901254092,L0,False
L0/synth_regression/mlp,Sigma-CMA,11.061046814803689,11.258604399785234,1.347369742520926,1.0633662831526127,8.784861070020215,1596.5399020245309,10,10.0,10.763894333532878,11.119118349720363,11.001615498151683,1.2500043138662327,L0,True
L0/synth_regression/mlp,TPE,11.119118349720363,10.926605454168467,0.552073419697869,0.5259007462683734,3.849671547977721,1721.0738713415546,10,11.0,10.763894333532878,11.119118349720363,11.001615498151683,1.4942885575926783,L0,False
L0/synth_regression/mlp,WL-CMA,10.818468044766327,10.899886364419515,0.5814395666797743,0.7406190378911557,274.886703047795,1759.402411279313,10,3.0,10.763894333532878,11.119118349720363,11.001615498151683,0.22957026700150882,L0,True
L0/synth_regression/rf,CMA-ES,66.91174361428975,68.66687408984872,3.8682343705879374,4.73096734997884,0.4888547861988763,531.1385002454447,10,5.0,65.38825745643706,69.87557699309109,68.57681715047427,0.4777975964200057,L0,False
L0/synth_regression/rf,DEHB,69.87557699309109,71.20626366580997,5.100436229800764,8.269940165415605,0.36002244775417636,573.5494492576287,10,11.0,65.38825745643706,69.87557699309109,68.57681715047427,1.4073186539507394,L0,False
L0/synth_regression/rf,GP-BO,66.67822073617107,67.60879464068047,4.208784576709784,6.226839368167532,92.34840989218841,596.0092559502549,10,4.0,65.38825745643706,69.87557699309109,68.57681715047427,0.40455986511600084,L0,False
L0/synth_regression/rf,L-SHADE,68.10236995686576,68.30598876639164,4.040091466165655,3.8510808966994574,0.5574616873160669,596.496480790533,10,7.0,65.38825745643706,69.87557699309109,68.57681715047427,0.8512032895304562,L0,False
L0/synth_regression/rf,Random,68.57681715047427,69.91166086790881,4.902685147350546,7.187924793583818,0.22439097749174192,518.4588286851894,10,8.0,65.38825745643706,69.87557699309109,68.57681715047427,1.0,L0,False
L0/synth_regression/rf,SACMA-DAC,69.15649891286554,68.5946827796974,4.095754451011488,3.8721218225392846,199.2090537374546,557.3348729153356,10,9.0,65.38825745643706,69.87557699309109,68.57681715047427,1.1818005049349751,L0,True
L0/synth_regression/rf,SACMA-MAB,69.66562558566042,68.64877200997145,3.8807490177676796,4.674641614332074,67.71227566415325,619.1032102234008,10,10.0,65.38825745643706,69.87557699309109,68.57681715047427,1.3414734361794407,L0,True
L0/synth_regression/rf,SMAC,67.43143907379155,68.23661571277042,4.7647586627973,4.734357029382082,23.570623289171632,693.394884943687,10,6.0,65.38825745643706,69.87557699309109,68.57681715047427,0.6407851235074441,L0,False
L0/synth_regression/rf,Sigma-CMA,66.67592994364095,67.2932853968307,3.4141411937087134,4.29724429086852,7.681604467462493,692.7641835800223,10,3.0,65.38825745643706,69.87557699309109,68.57681715047427,0.40384142395449385,L0,True
L0/synth_regression/rf,TPE,65.38825745643706,67.23811095436152,4.258085222176836,4.681617033963661,5.957753633215038,701.6503300929726,10,1.0,65.38825745643706,69.87557699309109,68.57681715047427,0.0,L0,False
L0/synth_regression/rf,WL-CMA,65.60123543269762,67.93453931170903,4.550777388297418,7.868335146347363,243.6147347546742,749.7746284758824,10,2.0,65.38825745643706,69.87557699309109,68.57681715047427,0.06679441399790692,L0,True
L0/synth_regression/svm,CMA-ES,10.890012336552749,11.76580869020309,1.7661194018765494,2.124530421003243,0.5747516137226791,52.33423932140639,10,9.0,10.257473320571865,12.03265882056438,12.03265882056438,0.3563227707659569,L0,False
L0/synth_regression/svm,DEHB,11.145958383978332,15.694762479591095,10.373288505957854,3.0064860628756467,0.29507867191234327,52.420570280197566,10,10.0,10.257473320571865,12.03265882056438,12.03265882056438,0.5005026592489703,L0,False
L0/synth_regression/svm,GP-BO,10.470647858980909,10.748566045262965,0.8565798326194434,1.2220199951050041,48.75797839931347,92.68393180932469,10,6.0,10.257473320571865,12.03265882056438,12.03265882056438,0.12008578168869832,L0,False
L0/synth_regression/svm,L-SHADE,10.413449921959096,10.770781816677914,1.1135336637884483,0.70835401326047,0.587121608950509,59.199368745328094,10,4.0,10.257473320571865,12.03265882056438,12.03265882056438,0.08786495911998392,L0,False
L0/synth_regression/svm,Random,12.03265882056438,13.54025552156267,4.922376424987181,3.205182534172245,0.04939252360365316,29.851014677845207,10,11.0,10.257473320571865,12.03265882056438,12.03265882056438,1.0,L0,False
L0/synth_regression/svm,SACMA-DAC,10.320268527450544,11.40773504894434,2.3261591068267844,1.7910514727458295,268.84409589278454,294.3229741037884,10,3.0,10.257473320571865,12.03265882056438,12.03265882056438,0.03537388452020579,L0,True
L0/synth_regression/svm,SACMA-MAB,10.257473320571865,10.4930490881113,0.8974344842695787,0.8178207884733233,93.69132499018063,150.71101133766672,10,1.0,10.257473320571865,12.03265882056438,12.03265882056438,0.0,L0,True
L0/synth_regression/svm,SMAC,10.57596923784945,11.108315404849696,1.6477577418865135,1.2411806710733835,23.777197004692333,61.90997607238945,10,8.0,10.257473320571865,12.03265882056438,12.03265882056438,0.17941556940326908,L0,False
L0/synth_regression/svm,Sigma-CMA,10.258017419255115,10.258791969263992,0.501493241441668,0.6726805699755474,24.9477148434582,92.48186217764359,10,2.0,10.257473320571865,12.03265882056438,12.03265882056438,0.000306502437774512,L0,True
L0/synth_regression/svm,TPE,10.4494802143474,10.415376308717883,0.46030744970538595,0.5973263684733041,3.9021476126354298,45.61273789707609,10,5.0,10.257473320571865,12.03265882056438,12.03265882056438,0.10816159425386482,L0,False
L0/synth_regression/svm,WL-CMA,10.510454404403301,10.632662785886605,0.7964291399715486,0.9454508297485056,189.04009589318602,214.15278008489562,10,7.0,10.257473320571865,12.03265882056438,12.03265882056438,0.14250966100866796,L0,True
L2/yahpo__lcbench__126025/yahpo,CMA-ES,0.28678520023822784,0.29018446803092957,0.024566424724838193,0.0329262837767601,0.8926729873648621,12.594069577858482,10,9.0,0.08275526762008667,0.2954976111650467,0.2954976111650467,0.95904712347508,L2,False
L2/yahpo__lcbench__126025/yahpo,DEHB,0.28806763887405396,0.2819694057106972,0.07208731770168789,0.09368304535746574,0.3710822357559146,10.56032612474386,10,10.0,0.08275526762008667,0.2954976111650467,0.2954976111650467,0.9650752540975815,L2,False
L2/yahpo__lcbench__126025/yahpo,GP-BO,0.08275526762008667,0.1073017068207264,0.05516065410201592,0.0039030443876981735,1795.9095697297755,1809.093896390384,10,1.0,0.08275526762008667,0.2954976111650467,0.2954976111650467,0.0,L2,False
L2/yahpo__lcbench__126025/yahpo,L-SHADE,0.2031198889017105,0.1973874881863594,0.05745703948949917,0.07372594997286797,0.7036145697659049,11.168622702533169,10,6.0,0.08275526762008667,0.2954976111650467,0.2954976111650467,0.5657765129215403,L2,False
L2/yahpo__lcbench__126025/yahpo,Random,0.2954976111650467,0.2880129635334015,0.04199865227204013,0.05063626915216446,0.05957049027591571,10.786516867418552,10,11.0,0.08275526762008667,0.2954976111650467,0.2954976111650467,1.0,L2,False
L2/yahpo__lcbench__126025/yahpo,SACMA-DAC,0.09852106124162674,0.12142222076654434,0.05103090952075066,0.052225422114133835,1130.6087102281667,1144.7658295201024,10,2.0,0.08275526762008667,0.2954976111650467,0.2954976111650467,0.07410745486221551,L2,True
L2/yahpo__lcbench__126025/yahpo,SACMA-MAB,0.1254197508096695,0.13869384154677392,0.04173925058619098,0.05166924372315407,201.91782929123377,210.7011700934411,10,3.0,0.08275526762008667,0.2954976111650467,0.2954976111650467,0.20054532858225424,L2,True
L2/yahpo__lcbench__126025/yahpo,SMAC,0.2400016114115715,0.22839417308568954,0.03442273142664017,0.06056176871061325,54.041659413126936,64.96966088735363,10,8.0,0.08275526762008667,0.2954976111650467,0.2954976111650467,0.7391398495065139,L2,False
L2/yahpo__lcbench__126025/yahpo,Sigma-CMA,0.17896588891744614,0.1954891189932823,0.07335085992831479,0.05901626497507095,42.48775724015391,54.065139833260304,10,5.0,0.08275526762008667,0.2954976111650467,0.2954976111650467,0.45224011211960136,L2,True
L2/yahpo__lcbench__126025/yahpo,TPE,0.21330638229846954,0.20638043135404588,0.033312038094355186,0.03871007263660431,16.99734509248451,27.90751822192417,10,7.0,0.08275526762008667,0.2954976111650467,0.2954976111650467,0.6136583460677765,L2,False
L2/yahpo__lcbench__126025/yahpo,WL-CMA,0.1380082294344902,0.15323289409279822,0.056547021876307516,0.038713907822966576,1522.3648842295447,1534.8523468266721,10,4.0,0.08275526762008667,0.2954976111650467,0.2954976111650467,0.25971774538963194,L2,True
L2/yahpo__lcbench__126026/yahpo,CMA-ES,0.0719183087348938,0.0699465699493885,0.009422948073691354,0.011931337416172028,0.8437109124859792,12.030918623568674,10,10.0,0.028423531912267208,0.07332970201969147,0.07332970201969147,0.9685701701699044,L2,False
L2/yahpo__lcbench__126026/yahpo,DEHB,0.06740924343466759,0.06931069865822792,0.0183475781542469,0.020932508632540703,0.40193642348733694,11.393620464560623,10,9.0,0.028423531912267208,0.07332970201969147,0.07332970201969147,0.8681593515799501,L2,False
L2/yahpo__lcbench__126026/yahpo,GP-BO,0.028423531912267208,0.028350367583334445,0.0011732023414278627,0.0015169782564043999,1525.5272262233607,1539.430537244174,10,1.0,0.028423531912267208,0.07332970201969147,0.07332970201969147,0.0,L2,False
L2/yahpo__lcbench__126026/yahpo,L-SHADE,0.055433716624975204,0.05786592029035091,0.02438558760292317,0.03757380787283182,0.7442834709538728,11.685114252373111,10,8.0,0.028423531912267208,0.07332970201969147,0.07332970201969147,0.6014804791433872,L2,False
L2/yahpo__lcbench__126026/yahpo,Random,0.07332970201969147,0.07740019112825394,0.019882533903694124,0.027716657146811485,0.058057707544303006,10.782424955462274,10,11.0,0.028423531912267208,0.07332970201969147,0.07332970201969147,1.0,L2,False
L2/yahpo__lcbench__126026/yahpo,SACMA-DAC,0.02965098712593317,0.032967634685337546,0.007039151544651732,0.0062256501987576485,1106.870842675576,1118.0369483872878,10,2.0,0.028423531912267208,0.07332970201969147,0.07332970201969147,0.027333776421584195,L2,True
L2/yahpo__lcbench__126026/yahpo,SACMA-MAB,0.02979279402643442,0.032345428876578805,0.005980822963060782,0.005300562363117933,165.39584299597462,174.94357988940112,10,3.0,0.028423531912267208,0.07332970201969147,0.07332970201969147,0.03049162533548671,L2,True
L2/yahpo__lcbench__126026/yahpo,SMAC,0.041408151388168335,0.04263416863977909,0.010552588625974748,0.01667135301977396,55.78141908732576,67.09266033104731,10,6.0,0.028423531912267208,0.07332970201969147,0.07332970201969147,0.28915000867006474,L2,False
L2/yahpo__lcbench__126026/yahpo,Sigma-CMA,0.03272758983075619,0.036791294999420646,0.01056918868089652,0.004196418449282646,42.56600828417052,54.42425669857893,10,4.0,0.028423531912267208,0.07332970201969147,0.07332970201969147,0.09584557997693499,L2,True
L2/yahpo__lcbench__126026/yahpo,TPE,0.04705372825264931,0.04674247018992901,0.008065181084820709,0.011715294793248177,17.927270033588883,29.443607389931252,10,7.0,0.028423531912267208,0.07332970201969147,0.07332970201969147,0.4148694109476506,L2,False
L2/yahpo__lcbench__126026/yahpo,WL-CMA,0.03294903598725796,0.03558572754263878,0.008739238043582273,0.008015453815460205,1372.1726090134266,1385.7335758139805,10,5.0,0.028423531912267208,0.07332970201969147,0.07332970201969147,0.10077688799033332,L2,True
L2/yahpo__lcbench__167104/yahpo,CMA-ES,0.20829997211694717,0.20993013679981232,0.01260991212064658,0.01923929899930954,0.817559427846672,12.17051292717039,10,9.0,0.1153838001191616,0.23389465361833572,0.2309228628873825,0.804197037535103,L2,False
L2/yahpo__lcbench__167104/yahpo,DEHB,0.23389465361833572,0.22913249731063842,0.02776406030627141,0.04645499959588051,0.3603089492156544,10.393214768829827,10,11.0,0.1153838001191616,0.23389465361833572,0.2309228628873825,1.0257210908566468,L2,False
L2/yahpo__lcbench__167104/yahpo,GP-BO,0.1153838001191616,0.11958530247211456,0.027119656311676572,0.027180247008800507,1257.7105862825447,1268.134541884792,10,1.0,0.1153838001191616,0.23389465361833572,0.2309228628873825,0.0,L2,False
L2/yahpo__lcbench__167104/yahpo,L-SHADE,0.17831747978925705,0.18112803846597672,0.03081709331191395,0.042398851364851,0.7358505274890369,11.587859486120351,10,7.0,0.1153838001191616,0.23389465361833572,0.2309228628873825,0.5446961240835458,L2,False
L2/yahpo__lcbench__167104/yahpo,Random,0.2309228628873825,0.2304966226220131,0.021562781798123237,0.026233583688735962,0.05831892756291429,10.608266859488511,10,10.0,0.1153838001191616,0.23389465361833572,0.2309228628873825,1.0,L2,False
L2/yahpo__lcbench__167104/yahpo,SACMA-DAC,0.13180621713399887,0.12681768238544464,0.021535003007305157,0.03603960759937763,1124.6793000217995,1139.514914547406,10,3.0,0.1153838001191616,0.23389465361833572,0.2309228628873825,0.1421373570234141,L2,True
L2/yahpo__lcbench__167104/yahpo,SACMA-MAB,0.1239585168659687,0.13884530663490297,0.03670741594053261,0.05374574288725853,210.00614855194718,222.5201844809708,10,2.0,0.1153838001191616,0.23389465361833572,0.2309228628873825,0.074214871934772,L2,True
L2/yahpo__lcbench__167104/yahpo,SMAC,0.1598028913140297,0.16892983317375182,0.027413992333518822,0.014947056770324707,51.25899466099008,61.580197362476895,10,4.0,0.1153838001191616,0.23389465361833572,0.2309228628873825,0.3844508526434541,L2,False
L2/yahpo__lcbench__167104/yahpo,Sigma-CMA,0.18852298706769943,0.1817330837249756,0.046478299979950025,0.0537257082760334,40.987383752647574,52.010578964319365,10,8.0,0.1153838001191616,0.23389465361833572,0.2309228628873825,0.6330256209128158,L2,True
L2/yahpo__lcbench__167104/yahpo,TPE,0.17083200812339783,0.17139851599931716,0.017953260909363004,0.013949781656265259,16.98861160902009,27.923732077973483,10,6.0,0.1153838001191616,0.23389465361833572,0.2309228628873825,0.4799087570536126,L2,False
L2/yahpo__lcbench__167104/yahpo,WL-CMA,0.16433918476104736,0.16681978106498718,0.029928422210480053,0.03777110204100609,1420.0268052196684,1433.079112413303,10,5.0,0.1153838001191616,0.23389465361833572,0.2309228628873825,0.42371284195106845,L2,True
L2/yahpo__lcbench__167149/yahpo,CMA-ES,0.08735732734203339,0.09671404138207436,0.023392256364037956,0.02782146818935871,0.7628637126742184,11.19076243734003,10,9.0,0.04194609448313713,0.10437369346618652,0.1005299985408783,0.7751486280965206,L2,False
L2/yahpo__lcbench__167149/yahpo,DEHB,0.10437369346618652,0.1207049660384655,0.03427485453879019,0.0293230339884758,0.36636082360690936,10.667536305427406,10,11.0,0.04194609448313713,0.10437369346618652,0.1005299985408783,1.0656100850076469,L2,False
L2/yahpo__lcbench__167149/yahpo,GP-BO,0.04194609448313713,0.05446768291294575,0.029608698427020855,0.009559919126331806,1678.9022844019587,1692.1791598688126,10,1.0,0.04194609448313713,0.10437369346618652,0.1005299985408783,0.0,L2,False
L2/yahpo__lcbench__167149/yahpo,L-SHADE,0.07091332599520683,0.07270205169916152,0.01782526239534254,0.020740609616041183,0.8855885837838965,13.431825935599527,10,8.0,0.04194609448313713,0.10437369346618652,0.1005299985408783,0.49445717177740783,L2,False
L2/yahpo__lcbench__167149/yahpo,Random,0.1005299985408783,0.10540775805711747,0.024374855648615214,0.04200528562068939,0.057123516900072425,10.476269570534253,10,10.0,0.04194609448313713,0.10437369346618652,0.1005299985408783,1.0,L2,False
L2/yahpo__lcbench__167149/yahpo,SACMA-DAC,0.04471082426607609,0.052505603060126305,0.015356526014701955,0.016920799389481544,873.4877970958692,886.7062241143701,10,3.0,0.04194609448313713,0.10437369346618652,0.1005299985408783,0.047192651760012416,L2,True
L2/yahpo__lcbench__167149/yahpo,SACMA-MAB,0.044598814100027084,0.04794300273060799,0.008708838389931991,0.009114204905927181,176.09282156069742,187.9402651617459,10,2.0,0.04194609448313713,0.10437369346618652,0.1005299985408783,0.045280690311717595,L2,True
L2/yahpo__lcbench__167149/yahpo,SMAC,0.07042881846427917,0.07587124109268188,0.01653273136954871,0.01649872213602066,55.19823098395991,66.47930958038677,10,7.0,0.04194609448313713,0.10437369346618652,0.1005299985408783,0.4861868535266794,L2,False
L2/yahpo__lcbench__167149/yahpo,Sigma-CMA,0.06489935889840126,0.09787429459393024,0.08507300742993426,0.03693644143640995,39.583418453242714,50.68751223558739,10,5.0,0.04194609448313713,0.10437369346618652,0.1005299985408783,0.39180155000665456,L2,True
L2/yahpo__lcbench__167149/yahpo,TPE,0.07031989470124245,0.06888661161065102,0.011559746470682036,0.012808900326490402,18.22350594558707,30.15458499834815,10,6.0,0.04194609448313713,0.10437369346618652,0.1005299985408783,0.4843275755425872,L2,False
L2/yahpo__lcbench__167149/yahpo,WL-CMA,0.0626237653195858,0.06587320677936077,0.01591605640171493,0.018275931477546692,1505.0730880952533,1517.8185366492307,10,4.0,0.04194609448313713,0.10437369346618652,0.1005299985408783,0.3529582257964312,L2,True
L2/yahpo__lcbench__167152/yahpo,CMA-ES,0.17563598603010178,0.17000212371349335,0.0188229926949257,0.017665542662143707,0.823772965894036,12.155319181389133,10,9.0,0.11609900370240211,0.18086949735879898,0.17604342103004456,0.9932031201885602,L2,False
L2/yahpo__lcbench__167152/yahpo,DEHB,0.18086949735879898,0.18609848916530608,0.0242998860009956,0.015839267522096634,0.35590710320505287,10.280275897616391,10,11.0,0.11609900370240211,0.18086949735879898,0.17604342103004456,1.0805091874089991,L2,False
L2/yahpo__lcbench__167152/yahpo,GP-BO,0.11609900370240211,0.12833563685417176,0.04197952810420702,0.07968775369226933,1503.6640210942173,1516.5415457923955,10,1.0,0.11609900370240211,0.18086949735879898,0.17604342103004456,0.0,L2,False
L2/yahpo__lcbench__167152/yahpo,L-SHADE,0.16967853158712387,0.16240690127015114,0.03465521991387987,0.036130040884017944,0.7374771866362126,11.951711321603637,10,8.0,0.11609900370240211,0.18086949735879898,0.17604342103004456,0.8938201466179635,L2,False
L2/yahpo__lcbench__167152/yahpo,Random,0.17604342103004456,0.18053686767816543,0.024422815646810904,0.04121943563222885,0.05891260802996019,11.128620600987654,10,10.0,0.11609900370240211,0.18086949735879898,0.17604342103004456,1.0,L2,False
L2/yahpo__lcbench__167152/yahpo,SACMA-DAC,0.13766399025917053,0.14331531897187233,0.02979134730045022,0.041978560388088226,561.0658988212028,567.3826173470379,10,4.0,0.11609900370240211,0.18086949735879898,0.17604342103004456,0.35974970678085244,L2,True
L2/yahpo__lcbench__167152/yahpo,SACMA-MAB,0.15204201638698578,0.14794892445206642,0.028280273926551035,0.04962664842605591,172.36528252214976,184.5928319485014,10,6.0,0.11609900370240211,0.18086949735879898,0.17604342103004456,0.5996056728373452,L2,True
L2/yahpo__lcbench__167152/yahpo,SMAC,0.12039689347147942,0.13276567682623863,0.029908044036150636,0.04439057037234306,55.81738600012276,67.0489705137796,10,2.0,0.11609900370240211,0.18086949735879898,0.17604342103004456,0.07169791551373368,L2,False
L2/yahpo__lcbench__167152/yahpo,Sigma-CMA,0.1638336032629013,0.3155584126710892,0.536545608517983,0.0645657479763031,35.67782079400541,46.66988547687229,10,7.0,0.11609900370240211,0.18086949735879898,0.17604342103004456,0.7963143473326768,L2,True
L2/yahpo__lcbench__167152/yahpo,TPE,0.12837149947881699,0.134199371188879,0.01871198307598749,0.013367900624871254,19.228070947266083,31.299444233856246,10,3.0,0.11609900370240211,0.18086949735879898,0.17604342103004456,0.20473125477784232,L2,False
L2/yahpo__lcbench__167152/yahpo,WL-CMA,0.1396256610751152,0.1494089260697365,0.018864358541791793,0.03093891590833664,1390.0506477844233,1402.508060491434,10,5.0,0.11609900370240211,0.18086949735879898,0.17604342103004456,0.3924745359375465,L2,True
L2/yahpo__lcbench__167168/yahpo,CMA-ES,0.5111095011234283,0.5257519453763961,0.059043126906193365,0.03935232758522034,0.8557965742625258,12.066052891165633,10,9.0,0.22321953624486923,0.6427807211875916,0.6216663122177124,0.7225305416906692,L2,False
L2/yahpo__lcbench__167168/yahpo,DEHB,0.6427807211875916,0.6102674782276154,0.12117305577027747,0.17293453961610794,0.37058396914821407,10.852406969205454,10,11.0,0.22321953624486923,0.6427807211875916,0.6216663122177124,1.0529917927390087,L2,False
L2/yahpo__lcbench__167168/yahpo,GP-BO,0.22321953624486923,0.2578596830368042,0.07906998516108635,0.007124017924070358,2215.5012690693616,2228.9849826135146,10,1.0,0.22321953624486923,0.6427807211875916,0.6216663122177124,0.0,L2,False
L2/yahpo__lcbench__167168/yahpo,L-SHADE,0.48147228360176086,0.49414206147193906,0.10163020442873189,0.12913358211517334,0.7482754421314501,11.748242979606097,10,8.0,0.22321953624486923,0.6427807211875916,0.6216663122177124,0.6481486686053479,L2,False
L2/yahpo__lcbench__167168/yahpo,Random,0.6216663122177124,0.5985298335552216,0.09935239163150268,0.08912000060081482,0.05841627389808555,11.079978678556257,10,10.0,0.22321953624486923,0.6427807211875916,0.6216663122177124,1.0,L2,False
L2/yahpo__lcbench__167168/yahpo,SACMA-DAC,0.3231942504644394,0.3173274233937263,0.0635050146025179,0.04758200794458389,571.0375638977587,581.8191852380519,10,3.0,0.22321953624486923,0.6427807211875916,0.6216663122177124,0.25091108837679266,L2,True
L2/yahpo__lcbench__167168/yahpo,SACMA-MAB,0.25345996022224426,0.2742320656776428,0.061591148848550575,0.06767064332962036,192.09802945499723,204.92783931180594,10,2.0,0.22321953624486923,0.6427807211875916,0.6216663122177124,0.07589576776858177,L2,True
L2/yahpo__lcbench__167168/yahpo,SMAC,0.3835471421480179,0.39302788078784945,0.07378116758252382,0.04550191015005112,55.28858001261847,66.35694347889611,10,6.0,0.22321953624486923,0.6427807211875916,0.6216663122177124,0.40238148623914594,L2,False
L2/yahpo__lcbench__167168/yahpo,Sigma-CMA,0.43851444125175476,0.45519407093524933,0.13002346861529443,0.19038354605436325,36.98990487320794,48.51158863550732,10,7.0,0.22321953624486923,0.6427807211875916,0.6216663122177124,0.5403354173997867,L2,True
L2/yahpo__lcbench__167168/yahpo,TPE,0.34865328669548035,0.3857267588376999,0.06931087803809755,0.08780132979154587,18.036616340441896,29.75228702823528,10,4.0,0.22321953624486923,0.6427807211875916,0.6216663122177124,0.31480678980110577,L2,False
L2/yahpo__lcbench__167168/yahpo,WL-CMA,0.3771606683731079,0.37411869168281553,0.08407211972846115,0.08809216320514679,1368.509691234602,1379.7785494738207,10,5.0,0.22321953624486923,0.6427807211875916,0.6216663122177124,0.3863530624695801,L2,True
L2/yahpo__lcbench__168868/yahpo,CMA-ES,0.062194228172302246,0.06383015215396881,0.007783718473228897,0.0050868261605501175,0.878598475710287,12.694739866710776,10,9.0,0.030677035450935364,0.07263916358351707,0.07263916358351707,0.751086613667127,L2,False
L2/yahpo__lcbench__168868/yahpo,DEHB,0.0653761588037014,0.06729610860347748,0.01441831774797306,0.014284778386354446,0.33741718816583016,9.926165239939447,10,10.0,0.030677035450935364,0.07263916358351707,0.07263916358351707,0.8269152423140266,L2,False
L2/yahpo__lcbench__168868/yahpo,GP-BO,0.030677035450935364,0.030952018313109876,0.006313883773273942,0.011739693116396666,1308.9541169772037,1323.579683159172,10,1.0,0.030677035450935364,0.07263916358351707,0.07263916358351707,0.0,L2,False
L2/yahpo__lcbench__168868/yahpo,L-SHADE,0.042010318487882614,0.04656171761453152,0.012079053619029934,0.011240029707551003,0.7596894687225675,11.86439153240621,10,6.0,0.030677035450935364,0.07263916358351707,0.07263916358351707,0.27008360970490114,L2,False
L2/yahpo__lcbench__168868/yahpo,Random,0.07263916358351707,0.07350788712501526,0.015357949529104178,0.012991303578019142,0.05881455593113249,10.434470214199255,10,11.0,0.030677035450935364,0.07263916358351707,0.07263916358351707,1.0,L2,False
L2/yahpo__lcbench__168868/yahpo,SACMA-DAC,0.03458855673670769,0.0393408477306366,0.014072924252345582,0.008787432685494423,1023.4902546125754,1035.4904290287027,10,3.0,0.030677035450935364,0.07263916358351707,0.07263916358351707,0.0932155126502081,L2,True
L2/yahpo__lcbench__168868/yahpo,SACMA-MAB,0.0343254916369915,0.033735141903162,0.004229025477739744,0.0032407594844698906,179.6595944371568,192.8337994351279,10,2.0,0.030677035450935364,0.07263916358351707,0.07263916358351707,0.08694640497089742,L2,True
L2/yahpo__lcbench__168868/yahpo,SMAC,0.04663601145148277,0.05056479498744011,0.012430338615337539,0.012403519824147224,56.54648297002568,67.98606237721648,10,7.0,0.030677035450935364,0.07263916358351707,0.07263916358351707,0.3803185565356486,L2,False
L2/yahpo__lcbench__168868/yahpo,Sigma-CMA,0.035578636452555656,0.03842135947197676,0.009555997309941451,0.015403051860630512,41.51455347022227,53.0069467915671,10,4.0,0.030677035450935364,0.07263916358351707,0.07263916358351707,0.1168101147332997,L2,True
L2/yahpo__lcbench__168868/yahpo,TPE,0.05258370190858841,0.05459705628454685,0.0070546201484710065,0.012536590918898582,18.217501133155718,29.84006306794244,10,8.0,0.030677035450935364,0.07263916358351707,0.07263916358351707,0.5220580421573877,L2,False
L2/yahpo__lcbench__168868/yahpo,WL-CMA,0.04144052043557167,0.04231284074485302,0.006709098620146165,0.007779877632856369,1315.3286219776028,1327.749333642881,10,5.0,0.030677035450935364,0.07263916358351707,0.07263916358351707,0.2565047451985388,L2,True
L2/yahpo__lcbench__34539/yahpo,CMA-ES,0.5220132768154144,0.5122647315263749,0.030612777555872172,0.03241583704948425,0.8326513898084464,11.66502788086401,10,11.0,0.3732661008834839,0.5220132768154144,0.5198512077331543,1.0147495821964876,L2,False
L2/yahpo__lcbench__34539/yahpo,DEHB,0.4739210605621338,0.47778746485710144,0.048789149617145464,0.06255242973566055,0.36807596666454306,10.52584932318943,10,5.0,0.3732661008834839,0.5220132768154144,0.5198512077331543,0.686665663667156,L2,False
L2/yahpo__lcbench__34539/yahpo,GP-BO,0.4889439046382904,0.4752910375595093,0.06744857893621173,0.10167381912469864,135.04805301750343,148.08964649340317,10,8.0,0.3732661008834839,0.5220132768154144,0.5198512077331543,0.7891511371168102,L2,False
L2/yahpo__lcbench__34539/yahpo,L-SHADE,0.48402585089206696,0.4505878806114197,0.09094927395970341,0.1362961158156395,0.6982922233296398,10.942693499167774,10,6.0,0.3732661008834839,0.5220132768154144,0.5198512077331543,0.7556002952071533,L2,False
L2/yahpo__lcbench__34539/yahpo,Random,0.5198512077331543,0.5112205952405929,0.026920983769374025,0.038102246820926666,0.05685483713364203,10.427804846614382,10,10.0,0.3732661008834839,0.5220132768154144,0.5198512077331543,1.0,L2,False
L2/yahpo__lcbench__34539/yahpo,SACMA-DAC,0.43732140958309174,0.412910196185112,0.06598116412225617,0.07952052354812622,773.8877242487548,786.4941882298817,10,4.0,0.3732661008834839,0.5220132768154144,0.5198512077331543,0.4369837432754982,L2,True
L2/yahpo__lcbench__34539/yahpo,SACMA-MAB,0.3732661008834839,0.3551592543721199,0.09138432938265809,0.1577385812997818,182.9827863143904,196.05108017257353,10,1.0,0.3732661008834839,0.5220132768154144,0.5198512077331543,0.0,L2,True
L2/yahpo__lcbench__34539/yahpo,SMAC,0.4857136756181717,0.4277048081159592,0.10240177011305297,0.09945166110992432,55.66959255703838,66.85721259164252,10,7.0,0.3732661008834839,0.5220132768154144,0.5198512077331543,0.7671145940495021,L2,False
L2/yahpo__lcbench__34539/yahpo,Sigma-CMA,0.402105912566185,0.3913357466459274,0.08550608385745266,0.12549126893281937,40.87162957133722,53.13645204766992,10,2.0,0.3732661008834839,0.5220132768154144,0.5198512077331543,0.1967444872300542,L2,True
L2/yahpo__lcbench__34539/yahpo,TPE,0.493474543094635,0.4863330006599426,0.02846727697192559,0.02617785334587097,17.38247410333944,28.434654101131322,10,9.0,0.3732661008834839,0.5220132768154144,0.5198512077331543,0.8200590414306568,L2,False
L2/yahpo__lcbench__34539/yahpo,WL-CMA,0.43134236335754395,0.41995246410369874,0.06525304124175178,0.053976453840732574,1471.601318387181,1484.1766369670365,10,3.0,0.3732661008834839,0.5220132768154144,0.5198512077331543,0.3961948367211675,L2,True
L2/yahpo__lcbench__3945/yahpo,CMA-ES,0.2815183103084564,0.27218069285154345,0.04794155700056971,0.05143316090106964,0.7855328633907328,11.320458488216099,10,10.0,0.11411575600504875,0.28867289423942566,0.28867289423942566,0.9590129398125053,L2,False
L2/yahpo__lcbench__3945/yahpo,DEHB,0.22594521939754486,0.24222060143947602,0.049665664840753215,0.0730510950088501,0.1932002650675658,5.43022654235157,10,9.0,0.11411575600504875,0.28867289423942566,0.28867289423942566,0.640646750534735,L2,False
L2/yahpo__lcbench__3945/yahpo,GP-BO,0.1860850229859352,0.21114773154258729,0.07100618846015391,0.11050929129123688,313.88008140889235,326.97810545563385,10,5.0,0.11411575600504875,0.28867289423942566,0.28867289423942566,0.4122963272017769,L2,False
L2/yahpo__lcbench__3945/yahpo,L-SHADE,0.20387259870767593,0.2074662834405899,0.03584402190602235,0.0698501393198967,0.7448210378386271,11.9580073018218,10,6.0,0.11411575600504875,0.28867289423942566,0.28867289423942566,0.5141974920676756,L2,False
L2/yahpo__lcbench__3945/yahpo,Random,0.28867289423942566,0.28121464103460314,0.04545906978463349,0.07827895134687424,0.06165016090792775,10.819795197030475,10,11.0,0.11411575600504875,0.28867289423942566,0.28867289423942566,1.0,L2,False
L2/yahpo__lcbench__3945/yahpo,SACMA-DAC,0.11411575600504875,0.1437513291835785,0.05593485276883176,0.042357996106147766,841.3370495798674,853.2184824260753,10,1.0,0.11411575600504875,0.28867289423942566,0.28867289423942566,0.0,L2,True
L2/yahpo__lcbench__3945/yahpo,SACMA-MAB,0.16676685959100723,0.193572049587965,0.07411905749133804,0.11883557960391045,183.0283434704852,194.8417884478561,10,2.0,0.11411575600504875,0.28867289423942566,0.28867289423942566,0.30162675739598876,L2,True
L2/yahpo__lcbench__3945/yahpo,SMAC,0.18435662239789963,0.18530262485146523,0.05155154190537996,0.05812790244817734,59.74622596844969,71.59767320416805,10,4.0,0.11411575600504875,0.28867289423942566,0.28867289423942566,0.40239469495964614,L2,False
L2/yahpo__lcbench__3945/yahpo,Sigma-CMA,0.17819468677043915,0.1870112970471382,0.03154176062572887,0.02753143385052681,22.04198317675469,28.141363715987396,10,3.0,0.11411575600504875,0.28867289423942566,0.28867289423942566,0.36709430169135776,L2,True
L2/yahpo__lcbench__3945/yahpo,TPE,0.21436017751693726,0.22281754910945892,0.02571810869765403,0.039486926048994064,17.837675003558573,29.107023169234537,10,8.0,0.11411575600504875,0.28867289423942566,0.28867289423942566,0.5742785573013398,L2,False
L2/yahpo__lcbench__3945/yahpo,WL-CMA,0.2064014971256256,0.19506081640720369,0.03841944054373495,0.06919530034065247,1405.0892931556782,1417.191219726717,10,7.0,0.11411575600504875,0.28867289423942566,0.28867289423942566,0.5286850028250653,L2,True
L2/yahpo__lcbench__7593/yahpo,CMA-ES,0.5500402450561523,0.5655628174543381,0.0899491964798978,0.08221231400966644,0.7847385182663144,11.712145639701784,10,10.0,0.14964105188846588,0.5922145545482635,0.5922145545482635,0.904706654965446,L2,False
L2/yahpo__lcbench__7593/yahpo,DEHB,0.5147513002157211,0.5492226094007492,0.21385156877340986,0.3067680820822716,0.36215659452286625,10.405792328652153,10,9.0,0.14964105188846588,0.5922145545482635,0.5922145545482635,0.8249708718054733,L2,False
L2/yahpo__lcbench__7593/yahpo,GP-BO,0.14964105188846588,0.14964105188846588,0.0,0.0,2380.499202999639,2392.5586733263035,10,1.0,0.14964105188846588,0.5922145545482635,0.5922145545482635,0.0,L2,False
L2/yahpo__lcbench__7593/yahpo,L-SHADE,0.31125877797603607,0.33560699969530106,0.11075269695219091,0.14118745177984238,0.7172886403811971,11.74227378195916,10,8.0,0.14964105188846588,0.5922145545482635,0.5922145545482635,0.3651771403309798,L2,False
L2/yahpo__lcbench__7593/yahpo,Random,0.5922145545482635,0.5894265294075012,0.13120181581645526,0.10799887776374817,0.05596925304692951,10.181659792959032,10,11.0,0.14964105188846588,0.5922145545482635,0.5922145545482635,1.0,L2,False
L2/yahpo__lcbench__7593/yahpo,SACMA-DAC,0.1720861792564392,0.19321927428245544,0.04492679579335373,0.0689014159142971,1156.0705696245134,1169.2034435383393,10,3.0,0.14964105188846588,0.5922145545482635,0.5922145545482635,0.05071502752216664,L2,True
L2/yahpo__lcbench__7593/yahpo,SACMA-MAB,0.16226653009653091,0.17836998999118805,0.04402419424595316,0.04831314831972122,349.4684133500204,359.55591196696963,10,2.0,0.14964105188846588,0.5922145545482635,0.5922145545482635,0.028527415518976803,L2,True
L2/yahpo__lcbench__7593/yahpo,SMAC,0.2586631625890732,0.26448568403720857,0.03958577288754448,0.04559311643242836,55.98674378563523,67.24743033251414,10,4.0,0.14964105188846588,0.5922145545482635,0.5922145545482635,0.24633673287126642,L2,False
L2/yahpo__lcbench__7593/yahpo,Sigma-CMA,0.2628809064626694,0.34415777027606964,0.27215885795237776,0.057981740683317184,42.879915647078946,54.648127997316294,10,5.0,0.14964105188846588,0.5922145545482635,0.5922145545482635,0.2558667744310259,L2,True
L2/yahpo__lcbench__7593/yahpo,TPE,0.28570161759853363,0.3196300432085991,0.07183252567754639,0.1298464611172676,18.043175113122466,29.884687682497585,10,7.0,0.14964105188846588,0.5922145545482635,0.5922145545482635,0.3074304378648179,L2,False
L2/yahpo__lcbench__7593/yahpo,WL-CMA,0.26291583478450775,0.29405262023210527,0.10444058133690012,0.08247178047895432,1546.7273806281457,1560.2986122703255,10,6.0,0.14964105188846588,0.5922145545482635,0.5922145545482635,0.25594569538229944,L2,True
L2_MLP_PD1/cifar100_wresnet/pd1,CMA-ES,0.9555253298212403,0.9680052085412448,0.037823893181291125,0.05140682551768061,1.290661878451281,108.28465987662352,10,5.0,0.9313289287408317,0.9863476346269248,0.982648326916788,0.4714864542535656,L2_MLP_PD1,False
L2_MLP_PD1/cifar100_wresnet/pd1,DEHB,0.9863476346269248,1.0059330558836326,0.05616712781445236,0.06736168401376941,0.4378284439084924,74.36886084111359,10,11.0,0.9313289287408317,0.9863476346269248,0.982648326916788,1.0720840041314021,L2_MLP_PD1,False
L2_MLP_PD1/cifar100_wresnet/pd1,GP-BO,0.9755442633490814,0.9933740035502343,0.058714158659556766,0.021439572070583224,80.15120648121251,152.01530160402595,10,9.0,0.9313289287408317,0.9863476346269248,0.982648326916788,0.8615715729294156,L2_MLP_PD1,False
L2_MLP_PD1/cifar100_wresnet/pd1,L-SHADE,0.9582339386144266,0.9539796484463803,0.04068992164541298,0.035681468416234985,0.9439623965705877,89.60001166877734,10,7.0,0.9313289287408317,0.9863476346269248,0.982648326916788,0.524265888336161,L2_MLP_PD1,False
L2_MLP_PD1/cifar100_wresnet/pd1,Random,0.982648326916788,0.9723258851389179,0.028405610529724273,0.04105849167924003,0.07062509066893302,86.7560751275359,10,10.0,0.9313289287408317,0.9863476346269248,0.982648326916788,1.0,L2_MLP_PD1,False
L2_MLP_PD1/cifar100_wresnet/pd1,SACMA-DAC,0.9313289287408317,0.9425986002550062,0.02382339904057416,0.0282255744427925,623.2306463706116,682.0477061138498,10,1.0,0.9313289287408317,0.9863476346269248,0.982648326916788,0.0,L2_MLP_PD1,True
L2_MLP_PD1/cifar100_wresnet/pd1,SACMA-MAB,0.9500551115456706,0.9599250111356982,0.03914284493830781,0.059113880453604106,200.97344267180125,299.643006030381,10,4.0,0.9313289287408317,0.9863476346269248,0.982648326916788,0.3648948247723656,L2_MLP_PD1,True
L2_MLP_PD1/cifar100_wresnet/pd1,SMAC,0.9395364270451769,0.9589676154621474,0.08165820693975212,0.04402834055743221,66.72945317282026,167.42190697205157,10,2.0,0.9313289287408317,0.9863476346269248,0.982648326916788,0.15992974578939032,L2_MLP_PD1,False
L2_MLP_PD1/cifar100_wresnet/pd1,Sigma-CMA,0.9584989208857331,0.9565543480808387,0.0469717627159551,0.0639166730667391,30.074948096661032,97.19706810250563,10,8.0,0.9313289287408317,0.9863476346269248,0.982648326916788,0.5294292823104612,L2_MLP_PD1,True
L2_MLP_PD1/cifar100_wresnet/pd1,TPE,0.94977476176512,0.9440308156158241,0.0218684727322065,0.02112322938616662,11.365901435980817,91.01444653619257,10,3.0,0.9313289287408317,0.9863476346269248,0.982648326916788,0.359431982445389,L2_MLP_PD1,False
L2_MLP_PD1/cifar100_wresnet/pd1,WL-CMA,0.9565485457403258,0.9682757520996683,0.05416038826732554,0.03568286076590266,595.6818347301,686.3459861772048,10,6.0,0.9313289287408317,0.9863476346269248,0.982648326916788,0.4914246444010269,L2_MLP_PD1,True
L2_MLP_PD1/cifar10_wresnet/pd1,CMA-ES,0.27668726549879935,0.2819165800350622,0.015769037555902348,0.02123437838314074,1.3528215787796072,112.84297197967643,10,6.0,0.2616270546520547,0.28716908432872074,0.2811458750376525,0.7715738220459789,L2_MLP_PD1,False
L2_MLP_PD1/cifar10_wresnet/pd1,DEHB,0.28716908432872074,0.2843189684157035,0.021211138901514322,0.011653463890185345,0.6193727855071757,100.0601709788713,10,11.0,0.2616270546520547,0.28716908432872074,0.2811458750376525,1.3085846978494953,L2_MLP_PD1,False
L2_MLP_PD1/cifar10_wresnet/pd1,GP-BO,0.27942792745175116,0.28392143424591193,0.013657541990221104,0.019597650456252447,82.59984414648913,172.48547638227484,10,9.0,0.2616270546520547,0.28716908432872074,0.2811458750376525,0.9119850712305885,L2_MLP_PD1,False
L2_MLP_PD1/cifar10_wresnet/pd1,L-SHADE,0.2618375395795165,0.26551917447538037,0.015091658772363629,0.013574987141578565,0.9647237367947459,90.83672695233545,10,2.0,0.2616270546520547,0.28716908432872074,0.2811458750376525,0.01078369098662817,L2_MLP_PD1,False
L2_MLP_PD1/cifar10_wresnet/pd1,Random,0.2811458750376525,0.28428093138668753,0.029898155244123297,0.018515137478078925,0.08451243457781432,92.76577136460878,10,10.0,0.2616270546520547,0.28716908432872074,0.2811458750376525,1.0,L2_MLP_PD1,False
L2_MLP_PD1/cifar10_wresnet/pd1,SACMA-DAC,0.26664984247754697,0.26880964438160704,0.01639536436630752,0.013811344890160726,574.4964436517719,636.8568426650615,10,4.0,0.2616270546520547,0.28716908432872074,0.2811458750376525,0.2573305008328471,L2_MLP_PD1,True
L2_MLP_PD1/cifar10_wresnet/pd1,SACMA-MAB,0.2772255757915612,0.2789021576318506,0.014642086289654787,0.011287858310433108,192.62394354083193,289.48654349117345,10,7.0,0.2616270546520547,0.28716908432872074,0.2811458750376525,0.7991528602320701,L2_MLP_PD1,True
L2_MLP_PD1/cifar10_wresnet/pd1,SMAC,0.26634154574360963,0.26552810402277155,0.014087610371238414,0.016678659083220415,64.65067116318028,162.69102884713328,10,3.0,0.2616270546520547,0.28716908432872074,0.2811458750376525,0.24153565627529264,L2_MLP_PD1,False
L2_MLP_PD1/cifar10_wresnet/pd1,Sigma-CMA,0.2616270546520547,0.26259807461602985,0.01174163275682611,0.02117091020819961,29.40726930021804,91.40475919304362,10,1.0,0.2616270546520547,0.28716908432872074,0.2811458750376525,0.0,L2_MLP_PD1,True
L2_MLP_PD1/cifar10_wresnet/pd1,TPE,0.27888692710641394,0.2810739506984764,0.019591863162062906,0.022384882080259294,11.22116967650141,92.14893390223403,10,8.0,0.2616270546520547,0.28716908432872074,0.2811458750376525,0.8842682146455255,L2_MLP_PD1,False
L2_MLP_PD1/cifar10_wresnet/pd1,WL-CMA,0.2670846979906991,0.27490368069514115,0.02330658362636802,0.027960362188162724,596.2810919223989,685.9852218892611,10,5.0,0.2616270546520547,0.28716908432872074,0.2811458750376525,0.27960928123870643,L2_MLP_PD1,True
L2_MLP_PD1/fashion_cnn/pd1,CMA-ES,0.23821334089873109,0.2382253807824127,0.003078632090209217,0.003075479789649199,1.2644888939544445,120.69021590822533,10,7.0,0.2334544698118052,0.241832724763583,0.241832724763583,0.5680026585865697,L2_MLP_PD1,False
L2_MLP_PD1/fashion_cnn/pd1,DEHB,0.23954004793195144,0.24208617450558542,0.00794527629262592,0.011854098751910819,0.5389043412425626,91.95961316878133,10,10.0,0.2334544698118052,0.241832724763583,0.241832724763583,0.726353895312642,L2_MLP_PD1,False
L2_MLP_PD1/fashion_cnn/pd1,GP-BO,0.23584514070471072,0.24058904511563117,0.012067891846113375,0.004482851763082413,85.57133169704412,179.77829656803783,10,3.0,0.2334544698118052,0.241832724763583,0.241832724763583,0.28534234236906697,L2_MLP_PD1,False
L2_MLP_PD1/fashion_cnn/pd1,L-SHADE,0.2334544698118052,0.23567671755932196,0.004318244939542098,0.004206371604994957,0.963591405606949,90.82446876287452,10,1.0,0.2334544698118052,0.241832724763583,0.241832724763583,0.0,L2_MLP_PD1,False
L2_MLP_PD1/fashion_cnn/pd1,Random,0.241832724763583,0.24283457556479285,0.006367005013400315,0.0057608872786011345,0.06752170786003349,85.17196232822081,10,11.0,0.2334544698118052,0.241832724763583,0.241832724763583,1.0,L2_MLP_PD1,False
L2_MLP_PD1/fashion_cnn/pd1,SACMA-DAC,0.23780781752337088,0.23788234738976496,0.004004808355959441,0.004988734666880573,513.3059620440681,574.5916327087139,10,6.0,0.2334544698118052,0.241832724763583,0.241832724763583,0.5196007684920032,L2_MLP_PD1,True
L2_MLP_PD1/fashion_cnn/pd1,SACMA-MAB,0.23826139129423735,0.2402312077383118,0.00783864938147215,0.006818569778201555,129.91716809784106,179.23561747903094,10,8.0,0.2334544698118052,0.241832724763583,0.241832724763583,0.5737377902796038,L2_MLP_PD1,True
L2_MLP_PD1/fashion_cnn/pd1,SMAC,0.23858689505540598,0.2392866142534563,0.006878773458375432,0.008633302711813007,64.06720225889586,160.55091312465157,10,9.0,0.2334544698118052,0.241832724763583,0.241832724763583,0.6125888115295078,L2_MLP_PD1,False
L2_MLP_PD1/fashion_cnn/pd1,Sigma-CMA,0.23664180353195435,0.23848671688300388,0.006073864932684381,0.0034554499928045324,39.04004442533717,123.3466970514153,10,4.0,0.2334544698118052,0.241832724763583,0.241832724763583,0.3804293064002335,L2_MLP_PD1,True
L2_MLP_PD1/fashion_cnn/pd1,TPE,0.23726843990123603,0.23886497734362216,0.006202032152838815,0.0017227885290867495,12.820175238324182,101.28993081019729,10,5.0,0.2334544698118052,0.241832724763583,0.241832724763583,0.4552224910059022,L2_MLP_PD1,False
L2_MLP_PD1/fashion_cnn/pd1,WL-CMA,0.23470453265403912,0.23762728446951192,0.0059595515574393035,0.006292969524089753,719.3023179503692,812.2915039536647,10,2.0,0.2334544698118052,0.241832724763583,0.241832724763583,0.14920324690867334,L2_MLP_PD1,True
L2_MLP_PD1/imagenet_resnet/pd1,CMA-ES,1.0075782431481013,1.0101603414433278,0.014841923697728904,0.011905172905324113,1.1896823047661875,102.79917753551183,10,7.0,0.9965940870444459,1.019747467173214,1.019747467173214,0.4744083171686694,L2_MLP_PD1,False
L2_MLP_PD1/imagenet_resnet/pd1,DEHB,1.0153530483901787,1.022863696146906,0.01993124109476043,0.024075207243994035,0.43195604842977897,71.30189523676407,10,9.0,0.9965940870444459,1.019747467173214,1.019747467173214,0.8102040065599201,L2_MLP_PD1,False
L2_MLP_PD1/imagenet_resnet/pd1,GP-BO,1.0056984401955555,1.007113193645684,0.008811888221480376,0.006436873207064098,307.8507248012367,369.2689197793096,10,6.0,0.9965940870444459,1.019747467173214,1.019747467173214,0.3932191801143313,L2_MLP_PD1,False
L2_MLP_PD1/imagenet_resnet/pd1,L-SHADE,1.008738929811189,1.0102216011586362,0.013588552515635155,0.015399064362294546,0.9735749832734595,89.35723084803271,10,8.0,0.9965940870444459,1.019747467173214,1.019747467173214,0.5245386504777836,L2_MLP_PD1,False
L2_MLP_PD1/imagenet_resnet/pd1,Random,1.019747467173214,1.015482135764287,0.009464546739191606,0.015362982616013543,0.0672126821752713,84.94774478173436,10,11.0,0.9965940870444459,1.019747467173214,1.019747467173214,1.0,L2_MLP_PD1,False
L2_MLP_PD1/imagenet_resnet/pd1,SACMA-DAC,0.9999688427791265,1.0111827824031643,0.017546254813041617,0.028782355387195868,480.4567301887744,567.5383307261645,10,2.0,0.9965940870444459,1.019747467173214,1.019747467173214,0.14575650362546616,L2_MLP_PD1,True
L2_MLP_PD1/imagenet_resnet/pd1,SACMA-MAB,0.9965940870444459,1.0006488037028847,0.009711825793348661,0.014274245803546526,220.8560935348982,309.76306849376283,10,1.0,0.9965940870444459,1.019747467173214,1.019747467173214,0.0,L2_MLP_PD1,True
L2_MLP_PD1/imagenet_resnet/pd1,SMAC,1.018991972860266,1.0216346897491604,0.02447567645979185,0.02078156367586037,63.342231023006136,159.2719569650829,10,10.0,0.9965940870444459,1.019747467173214,1.019747467173214,0.9673700207595494,L2_MLP_PD1,False
L2_MLP_PD1/imagenet_resnet/pd1,Sigma-CMA,1.0021633005240798,1.0034356354462741,0.013229968634796824,0.007711396704736084,41.6203345194104,125.32469952621412,10,3.0,0.9965940870444459,1.019747467173214,1.019747467173214,0.24053565607529256,L2_MLP_PD1,True
L2_MLP_PD1/imagenet_resnet/pd1,TPE,1.0023095667255193,1.0032891951451604,0.007853299485536707,0.006945752005295458,11.598744228337686,92.15774493040962,10,4.0,0.9965940870444459,1.019747467173214,1.019747467173214,0.24685292813777648,L2_MLP_PD1,False
L2_MLP_PD1/imagenet_resnet/pd1,WL-CMA,1.0027008690403256,1.0088340798701574,0.017766116353073798,0.010027230789585007,694.0380643417386,783.9191106138744,10,5.0,0.9965940870444459,1.019747467173214,1.019747467173214,0.26375336827351864,L2_MLP_PD1,True
L2_MLP_PD1/lm1b_transformer/pd1,CMA-ES,3.6527085974316953,3.654849693795112,0.11286500310835278,0.17286419291531585,1.024647529918485,103.04281050269853,10,10.0,3.480304387134102,3.679672403412532,3.679672403412532,0.8647536024876732,L2_MLP_PD1,False
L2_MLP_PD1/lm1b_transformer/pd1,DEHB,3.5171642652056283,3.623223550045464,0.160940353914862,0.2808675056478065,0.49772002221276657,90.67666136767656,10,5.0,3.480304387134102,3.679672403412532,3.679672403412532,0.18488360750928687,L2_MLP_PD1,False
L2_MLP_PD1/lm1b_transformer/pd1,GP-BO,3.480304387134102,3.48321279319239,0.006730030632899124,0.011102554329375014,402.80326827825064,489.9179173650424,10,1.0,3.480304387134102,3.679672403412532,3.679672403412532,0.0,L2_MLP_PD1,False
L2_MLP_PD1/lm1b_transformer/pd1,L-SHADE,3.492952488385363,3.5252631792505893,0.0932494845050507,0.00884125001567071,0.9538598189692195,89.87862575835645,10,3.0,3.480304387134102,3.679672403412532,3.679672403412532,0.06344097457235708,L2_MLP_PD1,False
L2_MLP_PD1/lm1b_transformer/pd1,Random,3.679672403412532,3.691136685809609,0.07102336692442227,0.10114314109281164,0.06834961239812132,88.1038793002028,10,11.0,3.480304387134102,3.679672403412532,3.679672403412532,1.0,L2_MLP_PD1,False
L2_MLP_PD1/lm1b_transformer/pd1,SACMA-DAC,3.6070348753152057,3.618997425917338,0.14344092045958498,0.2537043608966014,436.914741526041,502.24452574093505,10,7.0,3.480304387134102,3.679672403412532,3.679672403412532,0.6356610781747294,L2_MLP_PD1,True
L2_MLP_PD1/lm1b_transformer/pd1,SACMA-MAB,3.611079416976785,3.6170765463186485,0.14847079968611593,0.27754520846271546,205.10666844236943,293.9620718889247,10,8.0,3.480304387134102,3.679672403412532,3.679672403412532,0.6559478911604725,L2_MLP_PD1,True
L2_MLP_PD1/lm1b_transformer/pd1,SMAC,3.5081291633576113,3.5553676042203604,0.10781296689016111,0.029073883052314287,62.928680087828,157.35425410030595,10,4.0,3.480304387134102,3.679672403412532,3.679672403412532,0.13956489482570902,L2_MLP_PD1,False
L2_MLP_PD1/lm1b_transformer/pd1,Sigma-CMA,3.6126709118581326,3.636723416350258,0.16967006085458045,0.28038766584940644,31.443586685941384,92.56326681183235,10,9.0,3.480304387134102,3.679672403412532,3.679672403412532,0.6639305902465945,L2_MLP_PD1,True
L2_MLP_PD1/lm1b_transformer/pd1,TPE,3.5766334986340604,3.616034227925861,0.10885845013729577,0.20388242406608414,11.578346578626219,93.44674808969798,10,6.0,3.480304387134102,3.679672403412532,3.679672403412532,0.48317234277653065,L2_MLP_PD1,False
L2_MLP_PD1/lm1b_transformer/pd1,WL-CMA,3.49150219373169,3.5996271827534643,0.14869721970436753,0.2607865700053069,679.3397944102203,768.090011519954,10,2.0,3.480304387134102,3.679672403412532,3.679672403412532,0.05616651460257054,L2_MLP_PD1,True
L2_MLP_PD1/mnist_cnn/pd1,CMA-ES,0.033978344879038024,0.034097628100843574,0.0023692639542323654,0.0031837288517056264,1.0455202347676376,106.23292126869657,10,7.0,0.03042348395772743,0.03623936605169977,0.03623936605169977,0.6112333200487161,L2_MLP_PD1,False
L2_MLP_PD1/mnist_cnn/pd1,DEHB,0.034928513125341135,0.03471840914837294,0.003911627811935277,0.005226752133026966,0.5504761537645535,95.66132747742498,10,9.0,0.03042348395772743,0.03623936605169977,0.03623936605169977,0.7746080637162122,L2_MLP_PD1,False
L2_MLP_PD1/mnist_cnn/pd1,GP-BO,0.03535935402320481,0.03408966263372946,0.005987408125386091,0.010365427435195897,109.68664265930818,206.72006852884653,10,10.0,0.03042348395772743,0.03623936605169977,0.03623936605169977,0.8486881242989746,L2_MLP_PD1,False
L2_MLP_PD1/mnist_cnn/pd1,L-SHADE,0.03477866737285523,0.03357810124555435,0.005175581175769729,0.0063846547818648715,0.9327906045346384,88.48343347694751,10,8.0,0.03042348395772743,0.03623936605169977,0.03623936605169977,0.7488431410329953,L2_MLP_PD1,False
L2_MLP_PD1/mnist_cnn/pd1,Random,0.03623936605169977,0.036180313634321705,0.005341947651372135,0.006526711523428895,0.06961623561676328,86.94742192008454,10,11.0,0.03042348395772743,0.03623936605169977,0.03623936605169977,1.0,L2_MLP_PD1,False
L2_MLP_PD1/mnist_cnn/pd1,SACMA-DAC,0.03336121586116514,0.03293496585943713,0.00486829247619185,0.005944420095225288,655.5095129874815,747.5519732217115,10,6.0,0.03042348395772743,0.03623936605169977,0.03623936605169977,0.505122328130141,L2_MLP_PD1,True
L2_MLP_PD1/mnist_cnn/pd1,SACMA-MAB,0.03042348395772743,0.03133075942351824,0.004014737128470478,0.00539714488040513,208.1898644308872,303.51458305570225,10,1.0,0.03042348395772743,0.03623936605169977,0.03623936605169977,0.0,L2_MLP_PD1,True
L2_MLP_PD1/mnist_cnn/pd1,SMAC,0.03254473641634795,0.032807668680319486,0.0034100914509324408,0.004120114746897129,63.68725382656277,159.00724425204595,10,4.0,0.03042348395772743,0.03623936605169977,0.03623936605169977,0.36473443311703513,L2_MLP_PD1,False
L2_MLP_PD1/mnist_cnn/pd1,Sigma-CMA,0.03224931803886749,0.031873403586439426,0.002694077826831809,0.003532604396132219,42.02397018287229,125.3117448146925,10,3.0,0.03042348395772743,0.03623936605169977,0.03623936605169977,0.3139393219529641,L2_MLP_PD1,True
L2_MLP_PD1/mnist_cnn/pd1,TPE,0.03157900045655995,0.03173731572985449,0.0036976320849092014,0.0032318679998795015,12.270643602795774,95.26984334198416,10,2.0,0.03042348395772743,0.03623936605169977,0.03623936605169977,0.19868293066500015,L2_MLP_PD1,False
L2_MLP_PD1/mnist_cnn/pd1,WL-CMA,0.0326445659635974,0.03198900990403035,0.003944691276744612,0.004878234928062983,652.5720826757449,742.8039192791166,10,5.0,0.03042348395772743,0.03623936605169977,0.03623936605169977,0.3818994212712679,L2_MLP_PD1,True
L2_MLP_PD1/svhn_wresnet/pd1,CMA-ES,0.2291128326044805,0.22753034011540177,0.010151365563418238,0.009481477077134287,1.1287041769608028,108.7926363933945,10,10.0,0.2078075268378047,0.23031171489043678,0.23031171489043678,0.9467262589899994,L2_MLP_PD1,False
L2_MLP_PD1/svhn_wresnet/pd1,DEHB,0.21037255111999237,0.21566028262348086,0.012729499552065846,0.0174333873421115,0.555006440680049,95.2104546930801,10,2.0,0.2078075268378047,0.23031171489043678,0.23031171489043678,0.11397986348979419,L2_MLP_PD1,False
L2_MLP_PD1/svhn_wresnet/pd1,GP-BO,0.22710091459778686,0.2258343873674761,0.010497623919835322,0.012330772872149565,122.34607195578994,207.1250216261997,10,9.0,0.2078075268378047,0.23031171489043678,0.23031171489043678,0.8573243218044303,L2_MLP_PD1,False
L2_MLP_PD1/svhn_wresnet/pd1,L-SHADE,0.2078075268378047,0.2105105170020125,0.01011981306062067,0.007829494119710123,0.7236253864549291,66.90864417608569,10,1.0,0.2078075268378047,0.23031171489043678,0.23031171489043678,0.0,L2_MLP_PD1,False
L2_MLP_PD1/svhn_wresnet/pd1,Random,0.23031171489043678,0.22859913393950304,0.010953699378346516,0.01750777717797619,0.06580660237229258,86.48873404581543,10,11.0,0.2078075268378047,0.23031171489043678,0.23031171489043678,1.0,L2_MLP_PD1,False
L2_MLP_PD1/svhn_wresnet/pd1,SACMA-DAC,0.22466747021254233,0.22240301266397694,0.008310151323287673,0.011648528605442354,531.8817728309184,608.0449686808057,10,6.0,0.2078075268378047,0.23031171489043678,0.23031171489043678,0.7491913654163449,L2_MLP_PD1,True
L2_MLP_PD1/svhn_wresnet/pd1,SACMA-MAB,0.22530408343695368,0.22603381134194472,0.008683600065087005,0.009643269162855322,211.09567876728823,315.8522762365534,10,8.0,0.2078075268378047,0.23031171489043678,0.23031171489043678,0.7774800209733669,L2_MLP_PD1,True
L2_MLP_PD1/svhn_wresnet/pd1,SMAC,0.2250773056578309,0.2242320028573658,0.010488272681396016,0.012604444571623213,48.76845959354938,122.23610284786976,10,7.0,0.2078075268378047,0.23031171489043678,0.23031171489043678,0.7674028842825252,L2_MLP_PD1,False
L2_MLP_PD1/svhn_wresnet/pd1,Sigma-CMA,0.22234052027468448,0.22002543701418315,0.007628180476789678,0.00893761461508255,38.35272104698967,122.76618768912309,10,5.0,0.2078075268378047,0.23031171489043678,0.23031171489043678,0.6457906147464852,L2_MLP_PD1,True
L2_MLP_PD1/svhn_wresnet/pd1,TPE,0.215272658104405,0.21643975324715373,0.012529381857309483,0.011183610511979442,12.199005550807271,97.94079941773107,10,4.0,0.2078075268378047,0.23031171489043678,0.23031171489043678,0.33172186657617125,L2_MLP_PD1,False
L2_MLP_PD1/svhn_wresnet/pd1,WL-CMA,0.21325823652610282,0.21644892247404682,0.010237601347976856,0.014301400999295721,603.3021962173253,692.5440170156899,10,3.0,0.2078075268378047,0.23031171489043678,0.23031171489043678,0.24220868024876818,L2_MLP_PD1,True
L2_MLP_PD1/translate_transformer/pd1,CMA-ES,1.7633381147352292,1.7637086486443874,0.024279140680193993,0.02521675899247655,1.0314928650073052,102.84512453671643,10,10.0,1.7194345468777446,1.8058114084988142,1.8058114084988142,0.5082792663860268,L2_MLP_PD1,False
L2_MLP_PD1/translate_transformer/pd1,DEHB,1.7300438459572902,1.7636564144512505,0.06438686090217059,0.07605824223771473,0.5120276884139214,93.0324291648227,10,8.0,1.7194345468777446,1.8058114084988142,1.8058114084988142,0.12282570679736035,L2_MLP_PD1,False
L2_MLP_PD1/translate_transformer/pd1,GP-BO,1.719662621865312,1.719075836323969,0.002122781752705702,0.00011678271609771862,423.6304021833081,511.52623803678455,10,3.5,1.7194345468777446,1.8058114084988142,1.8058114084988142,0.0026404639308144325,L2_MLP_PD1,False
L2_MLP_PD1/translate_transformer/pd1,L-SHADE,1.719662621865312,1.7213052487182128,0.008932970169716793,0.0027396898596603325,1.2841204919307851,103.19852763536994,10,3.5,1.7194345468777446,1.8058114084988142,1.8058114084988142,0.0026404639308144325,L2_MLP_PD1,False
L2_MLP_PD1/translate_transformer/pd1,Random,1.8058114084988142,1.8143660711524134,0.0529294867112007,0.055611470885268854,0.05140320803460553,64.79900127754772,10,11.0,1.7194345468777446,1.8058114084988142,1.8058114084988142,1.0,L2_MLP_PD1,False
L2_MLP_PD1/translate_transformer/pd1,SACMA-DAC,1.7385283919747343,1.7481063152148,0.04965099806878659,0.03175244002138,569.0210377491076,636.3134388179674,10,9.0,1.7194345468777446,1.8058114084988142,1.8058114084988142,0.2210527766191988,L2_MLP_PD1,True
L2_MLP_PD1/translate_transformer/pd1,SACMA-MAB,1.7199709706969344,1.73374876732639,0.049418291409304316,0.014676676462245686,207.3262385754888,297.51549215916657,10,5.0,1.7194345468777446,1.8058114084988142,1.8058114084988142,0.006210272162272994,L2_MLP_PD1,True
L2_MLP_PD1/translate_transformer/pd1,SMAC,1.7201431439363617,1.7377818467178767,0.0345302744037432,0.03940301853315087,64.58508438755372,162.63233669172774,10,6.0,1.7194345468777446,1.8058114084988142,1.8058114084988142,0.008203551799852596,L2_MLP_PD1,False
L2_MLP_PD1/translate_transformer/pd1,Sigma-CMA,1.7195473613484378,1.719312633445814,0.004301761579887311,0.0035862729017681616,41.11426378725544,125.0103302233961,10,2.0,1.7194345468777446,1.8058114084988142,1.8058114084988142,0.0013060728136677845,L2_MLP_PD1,True
L2_MLP_PD1/translate_transformer/pd1,TPE,1.7215082734338596,1.7214665258000275,0.006763000062386209,0.004268672947490115,12.516780829437394,97.90450709834715,10,7.0,1.7194345468777446,1.8058114084988142,1.8058114084988142,0.024007894211442428,L2_MLP_PD1,False
L2_MLP_PD1/translate_transformer/pd1,WL-CMA,1.7194345468777446,1.7209369323323358,0.010000568121868052,0.007359203955771942,622.6776011282677,687.9217173173313,10,1.0,1.7194345468777446,1.8058114084988142,1.8058114084988142,0.0,L2_MLP_PD1,True
L2_MLP_PD1/uniref50_transformer/pd1,CMA-ES,2.6856478333445093,2.681635492824734,0.009408998152857725,0.013252642808562864,0.9315740964246947,100.67694121619289,10,11.0,2.638165508978826,2.6856478333445093,2.6852549467888354,1.0083434114728467,L2_MLP_PD1,False
L2_MLP_PD1/uniref50_transformer/pd1,DEHB,2.6807607484159472,2.6694417845042704,0.02346755357459139,0.040659849408313686,0.5171604110270365,92.68414243872775,10,7.0,2.638165508978826,2.6856478333445093,2.6852549467888354,0.9045603731558496,L2_MLP_PD1,False
L2_MLP_PD1/uniref50_transformer/pd1,GP-BO,2.68398303706746,2.6753044254932616,0.021614943100196248,0.02673650907860159,80.50710784861417,173.63118271405307,10,9.0,2.638165508978826,2.6856478333445093,2.6852549467888354,0.9729894902014569,L2_MLP_PD1,False
L2_MLP_PD1/uniref50_transformer/pd1,L-SHADE,2.641760077311857,2.6557355287892364,0.02193575051534254,0.035500072288855655,1.4474268239185986,109.01860915686021,10,3.0,2.638165508978826,2.6856478333445093,2.6852549467888354,0.07633491713224272,L2_MLP_PD1,False
L2_MLP_PD1/uniref50_transformer/pd1,Random,2.6852549467888354,2.68448636132002,0.006372608725239377,0.007808678720601314,0.0679042924541159,87.58641687613809,10,10.0,2.638165508978826,2.6856478333445093,2.6852549467888354,1.0,L2_MLP_PD1,False
L2_MLP_PD1/uniref50_transformer/pd1,SACMA-DAC,2.638165508978826,2.651133175192964,0.026522327719341567,0.046237501240700585,321.4158104478465,408.10801139438104,10,1.0,2.638165508978826,2.6856478333445093,2.6852549467888354,0.0,L2_MLP_PD1,True
L2_MLP_PD1/uniref50_transformer/pd1,SACMA-MAB,2.6450324143059127,2.6548529409650974,0.02595051745341474,0.04856022293062745,200.07017840037963,286.55736409334315,10,4.0,2.638165508978826,2.6856478333445093,2.6852549467888354,0.14582687002534242,L2_MLP_PD1,True
L2_MLP_PD1/uniref50_transformer/pd1,SMAC,2.683133052752808,2.6696161015041198,0.025964559221431975,0.038665259810248376,71.0737549777885,174.41195966828468,10,8.0,2.638165508978826,2.6856478333445093,2.6852549467888354,0.9549390662808843,L2_MLP_PD1,False
L2_MLP_PD1/uniref50_transformer/pd1,Sigma-CMA,2.6700164892686367,2.6650488213364456,0.026618984609369355,0.049757794895827434,40.42637135784361,122.93573712037363,10,6.0,2.638165508978826,2.6856478333445093,2.6852549467888354,0.6763933011542638,L2_MLP_PD1,True
L2_MLP_PD1/uniref50_transformer/pd1,TPE,2.652493736431432,2.658500647449414,0.020614057492624526,0.031098276274691194,12.264686918714922,97.43164503293104,10,5.0,2.638165508978826,2.6856478333445093,2.6852549467888354,0.3042768849867301,L2_MLP_PD1,False
L2_MLP_PD1/uniref50_transformer/pd1,WL-CMA,2.6390993748180454,2.6517234551877458,0.025509270857910753,0.04154013992246153,711.4610853162551,800.2468453881174,10,2.0,2.638165508978826,2.6856478333445093,2.6852549467888354,0.019831747471420896,L2_MLP_PD1,True
L3_NAS_SUPER/yahpo__iaml_super__40981/yahpo,CMA-ES,0.12664396315813065,0.1271239072084427,0.0021708706523189823,0.0028649792075157166,1.8044505771306594,29.39363801374026,10,7.0,0.12336814776062965,0.1292724907398224,0.1278281956911087,0.7344798640200128,L3_NAS_SUPER,False
L3_NAS_SUPER/yahpo__iaml_super__40981/yahpo,DEHB,0.12702494859695435,0.12689075246453285,0.0019292218389546747,0.0016895271837711334,0.5176655701162021,56.28367771982133,10,9.0,0.12336814776062965,0.1292724907398224,0.1278281956911087,0.8199016901443743,L3_NAS_SUPER,False
L3_NAS_SUPER/yahpo__iaml_super__40981/yahpo,GP-BO,0.1269960030913353,0.1269039750099182,0.004404499680080088,0.005937935784459114,998.8859182981703,1052.1725431069774,10,8.0,0.12336814776062965,0.1292724907398224,0.1278281956911087,0.8134117362088479,L3_NAS_SUPER,False
L3_NAS_SUPER/yahpo__iaml_super__40981/yahpo,L-SHADE,0.1292724907398224,0.12830272912979127,0.002705733669394376,0.003693312406539917,0.5434310066913146,29.21982023916835,10,11.0,0.12336814776062965,0.1292724907398224,0.1278281956911087,1.323829490450914,L3_NAS_SUPER,False
L3_NAS_SUPER/yahpo__iaml_super__40981/yahpo,Random,0.1278281956911087,0.12784664556384087,0.0022042404218495094,0.0013458840548992157,0.10905691090217302,53.91508666831929,10,10.0,0.12336814776062965,0.1292724907398224,0.1278281956911087,1.0,L3_NAS_SUPER,False
L3_NAS_SUPER/yahpo__iaml_super__40981/yahpo,SACMA-DAC,0.12336814776062965,0.12288028597831727,0.005437598458594051,0.007061228156089783,586.292544112006,635.9857060665804,10,1.0,0.12336814776062965,0.1292724907398224,0.1278281956911087,0.0,L3_NAS_SUPER,True
L3_NAS_SUPER/yahpo__iaml_super__40981/yahpo,SACMA-MAB,0.12560327351093292,0.12649199068546296,0.0035391090516966165,0.005648266524076462,114.56721314084544,144.52584146935197,10,4.0,0.12336814776062965,0.1292724907398224,0.1278281956911087,0.501143885703308,L3_NAS_SUPER,True
L3_NAS_SUPER/yahpo__iaml_super__40981/yahpo,SMAC,0.1265978142619133,0.1259994238615036,0.0036951406905948343,0.0032081417739391327,53.543668769341444,104.47696204968298,10,6.0,0.12336814776062965,0.1292724907398224,0.1278281956911087,0.7241326890710679,L3_NAS_SUPER,False
L3_NAS_SUPER/yahpo__iaml_super__40981/yahpo,Sigma-CMA,0.1248423159122467,0.12478195726871491,0.004790877993347848,0.005711998790502548,22.70412995159846,65.96397116679786,10,3.0,0.12336814776062965,0.1292724907398224,0.1278281956911087,0.3305274236052237,L3_NAS_SUPER,True
L3_NAS_SUPER/yahpo__iaml_super__40981/yahpo,TPE,0.1257890686392784,0.12567411735653877,0.0016008168771000587,0.002601567655801773,32.49394504568794,74.90012188979014,10,5.0,0.12336814776062965,0.1292724907398224,0.1278281956911087,0.5428015385450643,L3_NAS_SUPER,False
L3_NAS_SUPER/yahpo__iaml_super__40981/yahpo,WL-CMA,0.12403218448162079,0.12404564023017883,0.002808071912846866,0.0036475174129009247,2675.8624354782974,2717.510143161926,10,2.0,0.12336814776062965,0.1292724907398224,0.1278281956911087,0.14888555713790524,L3_NAS_SUPER,True
L3_NAS_SUPER/yahpo__nb301__None/yahpo,CMA-ES,0.05807960510253907,0.05841056823730467,0.0017177705953753016,0.0023046112060546853,2.6951082694825352,23.824680604942493,10,1.0,0.05807960510253907,0.06328464508056636,0.061254768371582,0.0,L3_NAS_SUPER,False
L3_NAS_SUPER/yahpo__nb301__None/yahpo,DEHB,0.061254768371582,0.06159027099609373,0.0035770840449705784,0.003920249938964809,0.4715793607242286,39.65391989944918,10,8.5,0.05807960510253907,0.06328464508056636,0.061254768371582,1.0,L3_NAS_SUPER,False
L3_NAS_SUPER/yahpo__nb301__None/yahpo,GP-BO,0.06066669464111324,0.05941300964355467,0.004164757349294138,0.002331504821777325,1366.5985150877832,1408.0324913223103,10,7.0,0.05807960510253907,0.06328464508056636,0.061254768371582,0.8147894515528262,L3_NAS_SUPER,False
L3_NAS_SUPER/yahpo__nb301__None/yahpo,L-SHADE,0.06155097961425782,0.06098378753662108,0.001988130724088286,0.002217063903808575,0.7893126013445392,33.72102098646931,10,10.0,0.05807960510253907,0.06328464508056636,0.061254768371582,1.093290082297122,L3_NAS_SUPER,False
L3_NAS_SUPER/yahpo__nb301__None/yahpo,Random,0.061254768371582,0.062052116394042955,0.002549903074069989,0.0035243225097655873,0.09217911535590717,38.697155670376446,10,8.5,0.05807960510253907,0.06328464508056636,0.061254768371582,1.0,L3_NAS_SUPER,False
L3_NAS_SUPER/yahpo__nb301__None/yahpo,SACMA-DAC,0.05921417236328125,0.059039909362792964,0.0035697670037984977,0.006279830932617192,323.14022692498077,359.82266856799754,10,3.0,0.05807960510253907,0.06328464508056636,0.061254768371582,0.3573256442602287,L3_NAS_SUPER,True
L3_NAS_SUPER/yahpo__nb301__None/yahpo,SACMA-MAB,0.06328464508056636,0.0628676071166992,0.002554002095745913,0.0016784286499023915,109.81666883099618,132.2376482215949,10,11.0,0.05807960510253907,0.06328464508056636,0.061254768371582,1.6392983720790544,L3_NAS_SUPER,True
L3_NAS_SUPER/yahpo__nb301__None/yahpo,SMAC,0.058381156921386734,0.05819430541992189,0.0038814783811673636,0.005036716461181701,41.21810254397874,70.93945333741149,10,2.0,0.05807960510253907,0.06328464508056636,0.061254768371582,0.09497206703911064,L3_NAS_SUPER,False
L3_NAS_SUPER/yahpo__nb301__None/yahpo,Sigma-CMA,0.05951789855957029,0.059834594726562475,0.002175020072217777,0.0034514427185058094,28.55259143862306,67.23138015904291,10,5.0,0.05807960510253907,0.06328464508056636,0.061254768371582,0.45298251937285705,L3_NAS_SUPER,True
L3_NAS_SUPER/yahpo__nb301__None/yahpo,TPE,0.06049839019775388,0.05973132324218748,0.003183733956620915,0.002648715972900395,37.65420211454531,70.07314386040463,10,6.0,0.05807960510253907,0.06328464508056636,0.061254768371582,0.7617829038265141,L3_NAS_SUPER,False
L3_NAS_SUPER/yahpo__nb301__None/yahpo,WL-CMA,0.05948497772216793,0.05985229492187498,0.003392219275368886,0.004152145385742184,2080.366349870321,2100.001533390539,10,4.0,0.05807960510253907,0.06328464508056636,0.061254768371582,0.4426142848561216,L3_NAS_SUPER,True
L4/dense__digits/l4,CMA-ES,0.08750000000000002,0.08549999999999999,0.02448922665627117,0.031250000000000056,3.094329137627966,3793.155153252279,10,9.0,0.06000000000000005,0.09875,0.08625,1.0476190476190488,L4,False
L4/dense__digits/l4,DEHB,0.09875,0.10575000000000001,0.05911441354601168,0.04124999999999998,2.745015092130214,4622.353508340737,10,11.0,0.06000000000000005,0.09875,0.08625,1.4761904761904776,L4,False
L4/dense__digits/l4,GP-BO,0.0675,0.07100000000000001,0.025171633064048727,0.029999999999999943,35.70243048489687,4855.237687891129,10,2.0,0.06000000000000005,0.09875,0.08625,0.28571428571428453,L4,False
L4/dense__digits/l4,L-SHADE,0.08500000000000002,0.093,0.027808871486152284,0.040000000000000036,2.6903892819684865,3598.8473670354906,10,6.0,0.06000000000000005,0.09875,0.08625,0.9523809523809533,L4,False
L4/dense__digits/l4,Random,0.08625,0.0895,0.029149995235372216,0.04187500000000008,1.6291509574804897,2619.0845064183504,10,7.0,0.06000000000000005,0.09875,0.08625,1.0,L4,False
L4/dense__digits/l4,SACMA-DAC,0.08749999999999997,0.08249999999999999,0.026848339489311673,0.02375000000000002,186.79610769970202,4440.114135453498,10,8.0,0.06000000000000005,0.09875,0.08625,1.0476190476190468,L4,True
L4/dense__digits/l4,SACMA-MAB,0.06000000000000005,0.06800000000000002,0.027908580918579312,0.030624999999999958,65.66782783929335,4070.4425946422352,10,1.0,0.06000000000000005,0.09875,0.08625,0.0,L4,True
L4/dense__digits/l4,SMAC,0.09125,0.0865,0.027918532275971172,0.028125000000000067,15.80705205118665,3172.098006317744,10,10.0,0.06000000000000005,0.09875,0.08625,1.1904761904761911,L4,False
L4/dense__digits/l4,Sigma-CMA,0.07750000000000001,0.08725000000000002,0.04277606417924241,0.044375,6.222997449368509,3634.608070302771,10,3.0,0.06000000000000005,0.09875,0.08625,0.6666666666666666,L4,True
L4/dense__digits/l4,TPE,0.07874999999999999,0.08375,0.030917677431815237,0.023125000000000034,5.400282852573956,3265.9732005547703,10,4.0,0.06000000000000005,0.09875,0.08625,0.7142857142857134,L4,False
L4/dense__digits/l4,WL-CMA,0.08249999999999996,0.08149999999999999,0.020554804791094474,0.014375000000000027,231.8219082565919,3366.133529411528,10,5.0,0.06000000000000005,0.09875,0.08625,0.8571428571428557,L4,True
L4/residual__fashion_mini/l4,CMA-ES,0.24,0.23879999999999998,0.010549354903921334,0.016500000000000015,4.641086458852887,19484.61046746356,10,10.5,0.21299999999999997,0.24,0.239,1.0384615384615385,L4,False
L4/residual__fashion_mini/l4,DEHB,0.237,0.2408,0.01120317415338668,0.010000000000000009,3.484158317099328,23278.283052453087,10,7.0,0.21299999999999997,0.24,0.239,0.9230769230769231,L4,False
L4/residual__fashion_mini/l4,GP-BO,0.23299999999999998,0.2344,0.012816655830077787,0.01200000000000001,39.33813652216858,20907.677366745833,10,3.5,0.21299999999999997,0.24,0.239,0.7692307692307693,L4,False
L4/residual__fashion_mini/l4,L-SHADE,0.23299999999999998,0.23499999999999996,0.01671326818229558,0.027000000000000024,3.2999493070887107,17547.47589097329,10,3.5,0.21299999999999997,0.24,0.239,0.7692307692307693,L4,False
L4/residual__fashion_mini/l4,Random,0.239,0.23759999999999998,0.01709580845314626,0.009500000000000008,2.894518368092748,18017.258933918965,10,9.0,0.21299999999999997,0.24,0.239,1.0,L4,False
L4/residual__fashion_mini/l4,SACMA-DAC,0.21299999999999997,0.21999999999999997,0.015491933384829681,0.02200000000000002,212.38257187880515,21556.53204694478,10,1.0,0.21299999999999997,0.24,0.239,0.0,L4,True
L4/residual__fashion_mini/l4,SACMA-MAB,0.23399999999999999,0.23199999999999998,0.00952190457139047,0.01200000000000001,45.60859197752871,18277.91782834738,10,5.0,0.21299999999999997,0.24,0.239,0.8076923076923077,L4,True
L4/residual__fashion_mini/l4,SMAC,0.22999999999999998,0.2364,0.014323252268795519,0.020500000000000018,15.790220500001979,19195.04171673159,10,2.0,0.21299999999999997,0.24,0.239,0.6538461538461539,L4,False
L4/residual__fashion_mini/l4,Sigma-CMA,0.24,0.24139999999999998,0.017664779773448776,0.02100000000000002,12.148938394276815,21259.881552919847,10,10.5,0.21299999999999997,0.24,0.239,1.0384615384615385,L4,True
L4/residual__fashion_mini/l4,TPE,0.235,0.2346,0.017538529014715018,0.027000000000000024,10.254490202966355,19945.458159654714,10,6.0,0.21299999999999997,0.24,0.239,0.8461538461538461,L4,False
L4/residual__fashion_mini/l4,WL-CMA,0.238,0.2404,0.01435424830649257,0.016000000000000014,264.9866365407162,20851.189390188323,10,8.0,0.21299999999999997,0.24,0.239,0.9615384615384616,L4,True
L4/sequential__digits/l4,CMA-ES,0.012499999999999956,0.011999999999999978,0.002297341458681711,0.00187499999999996,1.7579931251714704,333.98141668788026,10,5.0,0.010000000000000009,0.016249999999999987,0.015000000000000013,0.4999999999999889,L4,False
L4/sequential__digits/l4,DEHB,0.016249999999999987,0.016499999999999994,0.004116363011742828,0.0024999999999999467,2.339234363374179,484.16827480911104,10,11.0,0.010000000000000009,0.016249999999999987,0.015000000000000013,1.2499999999999944,L4,False
L4/sequential__digits/l4,GP-BO,0.011249999999999982,0.011749999999999993,0.003917553091181052,0.0050000000000000044,28.687830798449117,353.3190126731238,10,3.0,0.010000000000000009,0.016249999999999987,0.015000000000000013,0.24999999999999445,L4,False
L4/sequential__digits/l4,L-SHADE,0.012499999999999956,0.013749999999999974,0.002946278254943959,0.0018750000000000433,2.2084491384923277,477.6967779979665,10,5.0,0.010000000000000009,0.016249999999999987,0.015000000000000013,0.4999999999999889,L4,False
L4/sequential__digits/l4,Random,0.015000000000000013,0.01449999999999999,0.003291402943021916,0.004375000000000018,0.9357686420332747,258.62655008762846,10,10.0,0.010000000000000009,0.016249999999999987,0.015000000000000013,1.0,L4,False
L4/sequential__digits/l4,SACMA-DAC,0.010000000000000009,0.011749999999999993,0.0035453412310304496,0.0024999999999999467,133.2140061323105,588.0094131416679,10,1.5,0.010000000000000009,0.016249999999999987,0.015000000000000013,0.0,L4,True
L4/sequential__digits/l4,SACMA-MAB,0.012499999999999956,0.010999999999999977,0.003374742788552769,0.00437499999999999,70.35144818028834,587.5079138838864,10,5.0,0.010000000000000009,0.016249999999999987,0.015000000000000013,0.4999999999999889,L4,True
L4/sequential__digits/l4,SMAC,0.013749999999999984,0.012999999999999989,0.005109903238918625,0.006249999999999978,12.416372630263265,291.68824700097707,10,8.0,0.010000000000000009,0.016249999999999987,0.015000000000000013,0.7499999999999944,L4,False
L4/sequential__digits/l4,Sigma-CMA,0.013749999999999984,0.013249999999999984,0.003343733774623147,0.004375000000000018,3.981533640485466,377.5804056143645,10,8.0,0.010000000000000009,0.016249999999999987,0.015000000000000013,0.7499999999999944,L4,True
L4/sequential__digits/l4,TPE,0.010000000000000009,0.012250000000000006,0.003809709816887498,0.0050000000000000044,4.192240524953517,325.27273693733656,10,1.5,0.010000000000000009,0.016249999999999987,0.015000000000000013,0.0,L4,False
L4/sequential__digits/l4,WL-CMA,0.013749999999999984,0.014249999999999985,0.004721405158071767,0.006249999999999978,194.63078001291262,499.9760554291968,10,8.0,0.010000000000000009,0.016249999999999987,0.015000000000000013,0.7499999999999944,L4,True
L5_FCNET/fcnet_naval/fcnet,CMA-ES,0.00013025525913690217,0.00013065940802334808,4.762176096602128e-05,4.769300539919641e-05,0.7327039768069048,3.839651110767437,10,9.0,4.249775884090923e-05,0.00027307530399411917,0.00027307530399411917,0.38059864085065803,L5_FCNET,False
L5_FCNET/fcnet_naval/fcnet,DEHB,0.00016220865290961228,0.0002310297142685158,0.0002326575090566429,0.00018620548325998243,0.37866669122091223,3.540673922582118,10,10.0,4.249775884090923e-05,0.00027307530399411917,0.00027307530399411917,0.5191784568144299,L5_FCNET,False
L5_FCNET/fcnet_naval/fcnet,GP-BO,6.306547948042862e-05,8.812836786091794e-05,7.126590965513578e-05,7.890974302426912e-05,1108.9914591980119,1113.021626949025,10,3.0,4.249775884090923e-05,0.00027307530399411917,0.00027307530399411917,0.08920088305152582,L5_FCNET,False
L5_FCNET/fcnet_naval/fcnet,L-SHADE,0.00011400912990211509,0.00012591603117471096,5.9365457859680737e-05,4.3369256673031487e-05,0.6250982229810915,3.149039609492362,10,7.0,4.249775884090923e-05,0.00027307530399411917,0.00027307530399411917,0.3101402220831577,L5_FCNET,False
L5_FCNET/fcnet_naval/fcnet,Random,0.00027307530399411917,0.0004230600028677145,0.0005298572689611291,0.0002686502230062615,0.0506631364065402,3.112268680734989,10,11.0,4.249775884090923e-05,0.00027307530399411917,0.00027307530399411917,1.0,L5_FCNET,False
L5_FCNET/fcnet_naval/fcnet,SACMA-DAC,0.00012268951468286105,0.00017540842163725755,0.00017441867110076306,0.00010536668105487479,325.9816403253409,331.03692810058135,10,8.0,4.249775884090923e-05,0.00027307530399411917,0.00027307530399411917,0.3477864932106354,L5_FCNET,True
L5_FCNET/fcnet_naval/fcnet,SACMA-MAB,4.249775884090923e-05,8.45926180772949e-05,6.50261369060387e-05,9.085710371437017e-05,207.60833215583835,210.64823192835252,10,1.0,4.249775884090923e-05,0.00027307530399411917,0.00027307530399411917,0.0,L5_FCNET,True
L5_FCNET/fcnet_naval/fcnet,SMAC,7.33236811356619e-05,8.639154621050693e-05,3.540066649774178e-05,5.568150390899973e-05,56.400092216415636,60.99997011232166,10,5.0,4.249775884090923e-05,0.00027307530399411917,0.00027307530399411917,0.13369004459766465,L5_FCNET,False
L5_FCNET/fcnet_naval/fcnet,Sigma-CMA,4.80633789265994e-05,6.093617666920181e-05,2.8664812074988013e-05,4.612963221006794e-05,42.45301332411657,46.1433966083934,10,2.0,4.249775884090923e-05,0.00027307530399411917,0.00027307530399411917,0.024137736751391074,L5_FCNET,True
L5_FCNET/fcnet_naval/fcnet,TPE,6.663612111879047e-05,6.569138367922278e-05,2.5891011318441766e-05,4.697590338764712e-05,17.076541492434476,20.860936622071534,10,4.0,4.249775884090923e-05,0.00027307530399411917,0.00027307530399411917,0.10468652644316352,L5_FCNET,False
L5_FCNET/fcnet_naval/fcnet,WL-CMA,8.589060962549411e-05,9.088977421924937e-05,4.0114771841968156e-05,7.329463369387668e-05,1205.042414670806,1209.1341598623076,10,6.0,4.249775884090923e-05,0.00027307530399411917,0.00027307530399411917,0.18819200610255432,L5_FCNET,True
L5_FCNET/fcnet_parkinsons/fcnet,CMA-ES,0.011153528466820717,0.011936328373849392,0.0036069519484364628,0.0024827674496918917,0.7536918574159321,3.9390520548339114,10,6.0,0.009920635260641575,0.01879926212131977,0.01879926212131977,0.13886079745499827,L5_FCNET,False
L5_FCNET/fcnet_parkinsons/fcnet,DEHB,0.01718095224350691,0.017266006814315914,0.006666336226369635,0.008790822001174092,0.3554988570037467,3.193948754025428,10,10.0,0.009920635260641575,0.01879926212131977,0.01879926212131977,0.8177297116764689,L5_FCNET,False
L5_FCNET/fcnet_parkinsons/fcnet,GP-BO,0.013647142797708511,0.01617341712117195,0.007410928564704547,0.011485449504107237,895.5404023370536,900.9471672447121,10,9.0,0.009920635260641575,0.01879926212131977,0.01879926212131977,0.4197166516334809,L5_FCNET,False
L5_FCNET/fcnet_parkinsons/fcnet,L-SHADE,0.012029536999762058,0.012516741268336773,0.0038405743882192365,0.004227223573252559,0.6414801466101423,3.150146255833376,10,8.0,0.009920635260641575,0.01879926212131977,0.01879926212131977,0.2375256638456585,L5_FCNET,False
L5_FCNET/fcnet_parkinsons/fcnet,Random,0.01879926212131977,0.020167928002774716,0.007274334330849766,0.005892210872843862,0.04880830078375979,3.141720010021558,10,11.0,0.009920635260641575,0.01879926212131977,0.01879926212131977,1.0,L5_FCNET,False
L5_FCNET/fcnet_parkinsons/fcnet,SACMA-DAC,0.01097588799893856,0.013805560301989317,0.0071775545848117555,0.005705206422135234,399.95573181279036,403.6469711592766,10,4.0,0.009920635260641575,0.01879926212131977,0.01879926212131977,0.11885314642183081,L5_FCNET,True
L5_FCNET/fcnet_parkinsons/fcnet,SACMA-MAB,0.009957189671695232,0.011720200814306737,0.004966671211748072,0.004442834295332432,304.85642470758154,307.5466247481964,10,2.0,0.009920635260641575,0.01879926212131977,0.01879926212131977,0.004117124373764404,L5_FCNET,True
L5_FCNET/fcnet_parkinsons/fcnet,SMAC,0.010911830235272646,0.011339490488171577,0.003591217743309416,0.0028226259164512157,52.42119991132974,56.53589169951053,10,3.0,0.009920635260641575,0.01879926212131977,0.01879926212131977,0.11163831864822377,L5_FCNET,False
L5_FCNET/fcnet_parkinsons/fcnet,Sigma-CMA,0.011970857623964548,0.012649214919656515,0.004718131185764575,0.004006630973890424,37.65583669859868,41.20397985862857,10,7.0,0.009920635260641575,0.01879926212131977,0.01879926212131977,0.23091660405315947,L5_FCNET,True
L5_FCNET/fcnet_parkinsons/fcnet,TPE,0.011108417995274067,0.011823828238993883,0.003925082924366476,0.003952136263251305,17.63275357984235,21.59885955488577,10,5.0,0.009920635260641575,0.01879926212131977,0.01879926212131977,0.1337800037405517,L5_FCNET,False
L5_FCNET/fcnet_parkinsons/fcnet,WL-CMA,0.009920635260641575,0.011698732897639275,0.006826353731228321,0.003987003467045724,1117.731250851572,1122.2894386965513,10,1.0,0.009920635260641575,0.01879926212131977,0.01879926212131977,0.0,L5_FCNET,True
L5_FCNET/fcnet_protein/fcnet,CMA-ES,0.24267002940177917,0.24875504225492479,0.023077772134018012,0.020361602306365967,0.8804232356067547,4.4951720289132835,10,7.0,0.22378497570753098,0.2766856402158737,0.2766856402158737,0.35699085956226345,L5_FCNET,False
L5_FCNET/fcnet_protein/fcnet,DEHB,0.2617524564266205,0.26176065057516096,0.02291288787234401,0.03131449222564697,0.3325464841296151,3.168137975209346,10,10.0,0.22378497570753098,0.2766856402158737,0.2766856402158737,0.7177127371075238,L5_FCNET,False
L5_FCNET/fcnet_protein/fcnet,GP-BO,0.24803798645734787,0.2532874450087547,0.03205751265873324,0.06488098949193954,841.5573053411117,846.09369825641,10,8.0,0.22378497570753098,0.2766856402158737,0.2766856402158737,0.45846325325444737,L5_FCNET,False
L5_FCNET/fcnet_protein/fcnet,L-SHADE,0.2570282816886902,0.2585464894771576,0.01809700235067925,0.011470921337604523,0.5102764058381466,2.498430532571267,10,9.0,0.22378497570753098,0.2766856402158737,0.2766856402158737,0.6284099886101913,L5_FCNET,False
L5_FCNET/fcnet_protein/fcnet,Random,0.2766856402158737,0.2723944991827011,0.027160485907149062,0.0434531606733799,0.04994710180233686,2.99773956895321,10,11.0,0.22378497570753098,0.2766856402158737,0.2766856402158737,1.0,L5_FCNET,False
L5_FCNET/fcnet_protein/fcnet,SACMA-DAC,0.2402319833636284,0.2509716674685478,0.02733028242159654,0.031149543821811676,567.2829496932175,571.4335143688419,10,5.0,0.22378497570753098,0.2766856402158737,0.2766856402158737,0.310903611683434,L5_FCNET,True
L5_FCNET/fcnet_protein/fcnet,SACMA-MAB,0.24187598377466202,0.24805339574813842,0.02214950825674489,0.029558926820755005,260.2115831398794,265.351985867409,10,6.0,0.22378497570753098,0.2766856402158737,0.2766856402158737,0.3419807338011413,L5_FCNET,True
L5_FCNET/fcnet_protein/fcnet,SMAC,0.23346026986837387,0.2387883871793747,0.013937650033616834,0.014850303530693054,57.46551029401601,61.00655642596122,10,3.0,0.22378497570753098,0.2766856402158737,0.2766856402158737,0.18289551276462784,L5_FCNET,False
L5_FCNET/fcnet_protein/fcnet,Sigma-CMA,0.23058652132749557,0.23401500135660172,0.012945756173158834,0.01385262981057167,40.42913920652913,44.24814676045541,10,2.0,0.22378497570753098,0.2766856402158737,0.2766856402158737,0.1285720261395196,L5_FCNET,True
L5_FCNET/fcnet_protein/fcnet,TPE,0.22378497570753098,0.22552659064531327,0.006134959363016622,0.0013251379132270813,16.531210981104874,20.35150322699444,10,1.0,0.22378497570753098,0.2766856402158737,0.2766856402158737,0.0,L5_FCNET,False
L5_FCNET/fcnet_protein/fcnet,WL-CMA,0.2360912412405014,0.24395133852958678,0.02395729861631369,0.035985998809337616,1128.4243331785005,1132.757360875708,10,4.0,0.22378497570753098,0.2766856402158737,0.2766856402158737,0.23262969657081828,L5_FCNET,True
L5_FCNET/fcnet_slice/fcnet,CMA-ES,0.00041416860767640173,0.00047639313561376184,0.0002334185851077407,0.00016658149979775771,0.7788888629367916,3.8691969881014088,10,6.0,0.0002766179823083803,0.0006501197640318424,0.0004911280702799559,0.6412314995006112,L5_FCNET,False
L5_FCNET/fcnet_slice/fcnet,DEHB,0.0006501197640318424,0.0006708152970531956,0.0002921079659741046,0.00014515446673613042,0.3833957249308404,3.593975037613574,10,11.0,0.0002766179823083803,0.0006501197640318424,0.0004911280702799559,1.741185159426881,L5_FCNET,False
L5_FCNET/fcnet_slice/fcnet,GP-BO,0.0004151252214796841,0.0006499622948467731,0.00048785258767571895,0.0002560256325523369,487.39709381735497,492.1357593791723,10,7.0,0.0002766179823083803,0.0006501197640318424,0.0004911280702799559,0.6456910277788763,L5_FCNET,False
L5_FCNET/fcnet_slice/fcnet,L-SHADE,0.0005754769081249833,0.0006781434814911336,0.00041081881861514634,0.0003932174950023182,0.6654466076054775,3.355588204586672,10,10.0,0.0002766179823083803,0.0006501197640318424,0.0004911280702799559,1.393216182244093,L5_FCNET,False
L5_FCNET/fcnet_slice/fcnet,Random,0.0004911280702799559,0.0006035022030118853,0.00038853215432663624,0.00035147962626069784,0.05224903060345805,3.1925455997472483,10,8.0,0.0002766179823083803,0.0006501197640318424,0.0004911280702799559,1.0,L5_FCNET,False
L5_FCNET/fcnet_slice/fcnet,SACMA-DAC,0.0003933818079531193,0.0005030537373386324,0.00036752206868455144,0.00024272449809359387,347.82013821977665,352.41910185642314,10,4.0,0.0002766179823083803,0.0006501197640318424,0.0004911280702799559,0.5443278996753346,L5_FCNET,True
L5_FCNET/fcnet_slice/fcnet,SACMA-MAB,0.0005469644675031304,0.0005865538405487314,0.00021905888677002257,0.00027531813975656405,192.0883300253414,197.6178256064719,10,9.0,0.0002766179823083803,0.0006501197640318424,0.0004911280702799559,1.2602973023374704,L5_FCNET,True
L5_FCNET/fcnet_slice/fcnet,SMAC,0.00040194504254031926,0.00041258992860093713,0.00011369819456135434,0.00017361703794449568,57.469862833111264,62.30261437805735,10,5.0,0.0002766179823083803,0.0006501197640318424,0.0004911280702799559,0.5842478618000748,L5_FCNET,False
L5_FCNET/fcnet_slice/fcnet,Sigma-CMA,0.00029262555472087115,0.00034216216736240315,0.00014405683733096747,6.0122954891994596e-05,35.33105933425749,38.61625555289522,10,2.0,0.0002766179823083803,0.0006501197640318424,0.0004911280702799559,0.07462386764118985,L5_FCNET,True
L5_FCNET/fcnet_slice/fcnet,TPE,0.0002766179823083803,0.0002748385042650625,5.038868490736084e-05,7.858187018427998e-05,16.389713751400777,19.97698876932113,10,1.0,0.0002766179823083803,0.0006501197640318424,0.0004911280702799559,0.0,L5_FCNET,False
L5_FCNET/fcnet_slice/fcnet,WL-CMA,0.0003032298554899171,0.00036176132853142916,0.0001530322909154465,0.00020717125153169036,1440.8739872025521,1445.354692054037,10,3.0,0.0002766179823083803,0.0006501197640318424,0.0004911280702799559,0.12405884232849271,L5_FCNET,True
